"iddate","year","idgeo","isoalpha3","fuente","indicator","area","quintile","sex","education_level","age","ethnicity","disability","migration","value","level","se","cv","sample","quality_check"
"year","2010",NA,"BRB","BRB-IPUMS","ylmfem_ch_PHC","Total","Total","men","Total","Total","Afro","Total","Total","0.306510509322271","23755","0.23358936063657","117.458704242503","7281.15714895054","1"
"year","2010",NA,"BRB","BRB-IPUMS","ylmfem_ch_PHC","Total","Total","men","Total","Total","Otro","Total","Total","0.257887089458272","2457","0.683014495835754","131.281309028804","633.628578798974","1"
"year","2010",NA,"BRB","BRB-IPUMS","ylmfem_ch_PHC","Total","Total","women","Total","Total","Afro","Total","Total","0.710256982569679","22188","0.253091437673364","53.0787906632661","15759.181929256","1"
"year","2010",NA,"BRB","BRB-IPUMS","ylmfem_ch_PHC","Total","Total","women","Total","Total","Otro","Total","Total","0.715742365110753","1226","1.10079829928743","53.8513085655763","877.500139625784","1"
"year","2010",NA,"BRB","BRB-IPUMS","ylmfem_ch_PHC","Total","Total","Total","Total","Total","Afro","Total","Total","0.501498358361591","45943","0.195925950658065","83.7398391262929","23040.3390782066","1"
"year","2010",NA,"BRB","BRB-IPUMS","ylmfem_ch_PHC","Total","Total","Total","Total","Total","Otro","Total","Total","0.410298321592386","3683","0.684270571063461","101.211294929585","1511.12871842476","1"
"year","2010",NA,"BRB","BRB-IPUMS","ylmfem_ch_PHC","Total","Total","men","Total","Total","Total","Total","Total","0.301952759337308","26212","0.221332514440323","118.674195092193","7914.78572774952","1"
"year","2010",NA,"BRB","BRB-IPUMS","ylmfem_ch_PHC","Total","Total","women","Total","Total","Total","Total","Total","0.710544207264108","23414","0.246663899070913","53.1192942151329","16636.6820688818","1"
"year","2010",NA,"BRB","BRB-IPUMS","ylmfem_ch_PHC","Total","Total","Total","Total","Total","Total","Total","Total","0.494729935852806","49626","0.188663755110679","84.9522566362265","24551.4677966313","1"
"year","2010","country","BRB","BRB-IPUMS","ylmfem_ch_PHC","Total","Total","men","Total","Total","Afro","Total","Total","0.306510509322271","23755","0.23358936063657","117.458704242503","7281.15714895054","1"
"year","2010","country","BRB","BRB-IPUMS","ylmfem_ch_PHC","Total","Total","men","Total","Total","Otro","Total","Total","0.257887089458272","2457","0.683014495835754","131.281309028804","633.628578798974","1"
"year","2010","country","BRB","BRB-IPUMS","ylmfem_ch_PHC","Total","Total","women","Total","Total","Afro","Total","Total","0.710256982569679","22188","0.253091437673364","53.0787906632661","15759.181929256","1"
"year","2010","country","BRB","BRB-IPUMS","ylmfem_ch_PHC","Total","Total","women","Total","Total","Otro","Total","Total","0.715742365110753","1226","1.10079829928743","53.8513085655763","877.500139625784","1"
"year","2010","country","BRB","BRB-IPUMS","ylmfem_ch_PHC","Total","Total","Total","Total","Total","Afro","Total","Total","0.501498358361591","45943","0.195925950658065","83.7398391262929","23040.3390782066","1"
"year","2010","country","BRB","BRB-IPUMS","ylmfem_ch_PHC","Total","Total","Total","Total","Total","Otro","Total","Total","0.410298321592386","3683","0.684270571063461","101.211294929585","1511.12871842476","1"
"year","2010","country","BRB","BRB-IPUMS","ylmfem_ch_PHC","Total","Total","men","Total","Total","Total","Total","Total","0.301952759337308","26212","0.221332514440323","118.674195092193","7914.78572774952","1"
"year","2010","country","BRB","BRB-IPUMS","ylmfem_ch_PHC","Total","Total","women","Total","Total","Total","Total","Total","0.710544207264108","23414","0.246663899070913","53.1192942151329","16636.6820688818","1"
"year","2010","country","BRB","BRB-IPUMS","ylmfem_ch_PHC","Total","Total","Total","Total","Total","Total","Total","Total","0.494729935852806","49626","0.188663755110679","84.9522566362265","24551.4677966313","1"
"year","2010",NA,"BRB","BRB-IPUMS","pobreza31_PHC","Total","Total","men","Total","Total","Afro","Total","Total","0.0228427517341934","1034","0.0702215447929869","3.07412809148873","45266","1"
"year","2010",NA,"BRB","BRB-IPUMS","pobreza31_PHC","Total","Total","men","Total","Total","Otro","Total","Total","0.0140040011431838","49","0.198651420000191","14.1853330322585","3499","1"
"year","2010",NA,"BRB","BRB-IPUMS","pobreza31_PHC","Total","Total","women","Total","Total","Afro","Total","Total","0.0254070427868232","1342","0.0684682921935788","2.69485483879645","52820","1"
"year","2010",NA,"BRB","BRB-IPUMS","pobreza31_PHC","Total","Total","women","Total","Total","Otro","Total","Total","0.0141287284144427","54","0.190904560305828","13.5118005460903","3822","1"
"year","2010",NA,"BRB","BRB-IPUMS","pobreza31_PHC","Total","Total","Total","Total","Total","Afro","Total","Total","0.0242236404787635","2376","0.0490898087438182","2.0265248234201","98086","1"
"year","2010",NA,"BRB","BRB-IPUMS","pobreza31_PHC","Total","Total","Total","Total","Total","Otro","Total","Total","0.0140691162409507","103","0.13764848663299","9.78373369553518","7321","1"
"year","2010",NA,"BRB","BRB-IPUMS","pobreza31_PHC","Total","Total","men","Total","Total","Total","Total","Total","0.0222085512150108","1083","0.0667312280455019","3.00475377251976","48765","1"
"year","2010",NA,"BRB","BRB-IPUMS","pobreza31_PHC","Total","Total","women","Total","Total","Total","Total","Total","0.0246460223862152","1396","0.065145625625816","2.64325109362283","56642","1"
"year","2010",NA,"BRB","BRB-IPUMS","pobreza31_PHC","Total","Total","Total","Total","Total","Total","Total","Total","0.0235183621581109","2479","0.0466767759505996","1.98469500710966","105407","1"
"year","2010","country","BRB","BRB-IPUMS","pobreza31_PHC","Total","Total","men","Total","Total","Afro","Total","Total","0.0228427517341934","1034","0.0702215447929869","3.07412809148873","45266","1"
"year","2010","country","BRB","BRB-IPUMS","pobreza31_PHC","Total","Total","men","Total","Total","Otro","Total","Total","0.0140040011431838","49","0.198651420000191","14.1853330322585","3499","1"
"year","2010","country","BRB","BRB-IPUMS","pobreza31_PHC","Total","Total","women","Total","Total","Afro","Total","Total","0.0254070427868232","1342","0.0684682921935788","2.69485483879645","52820","1"
"year","2010","country","BRB","BRB-IPUMS","pobreza31_PHC","Total","Total","women","Total","Total","Otro","Total","Total","0.0141287284144427","54","0.190904560305828","13.5118005460903","3822","1"
"year","2010","country","BRB","BRB-IPUMS","pobreza31_PHC","Total","Total","Total","Total","Total","Afro","Total","Total","0.0242236404787635","2376","0.0490898087438182","2.0265248234201","98086","1"
"year","2010","country","BRB","BRB-IPUMS","pobreza31_PHC","Total","Total","Total","Total","Total","Otro","Total","Total","0.0140691162409507","103","0.13764848663299","9.78373369553518","7321","1"
"year","2010","country","BRB","BRB-IPUMS","pobreza31_PHC","Total","Total","men","Total","Total","Total","Total","Total","0.0222085512150108","1083","0.0667312280455019","3.00475377251976","48765","1"
"year","2010","country","BRB","BRB-IPUMS","pobreza31_PHC","Total","Total","women","Total","Total","Total","Total","Total","0.0246460223862152","1396","0.065145625625816","2.64325109362283","56642","1"
"year","2010","country","BRB","BRB-IPUMS","pobreza31_PHC","Total","Total","Total","Total","Total","Total","Total","Total","0.0235183621581109","2479","0.0466767759505996","1.98469500710966","105407","1"
"year","2010",NA,"BRB","BRB-IPUMS","pobreza_PHC","Total","Total","men","Total","Total","Afro","Total","Total","0.0592055847656077","2680","0.110928373019456","1.87361333324579","45266","1"
"year","2010",NA,"BRB","BRB-IPUMS","pobreza_PHC","Total","Total","men","Total","Total","Otro","Total","Total","0.0308659617033438","108","0.292388211595961","9.47283659605803","3499","1"
"year","2010",NA,"BRB","BRB-IPUMS","pobreza_PHC","Total","Total","women","Total","Total","Afro","Total","Total","0.0636879969708444","3364","0.106252679777941","1.6683313156572","52820","1"
"year","2010",NA,"BRB","BRB-IPUMS","pobreza_PHC","Total","Total","women","Total","Total","Otro","Total","Total","0.0347985347985348","133","0.296444996122087","8.51889304645576","3822","1"
"year","2010",NA,"BRB","BRB-IPUMS","pobreza_PHC","Total","Total","Total","Total","Total","Afro","Total","Total","0.0616193952245988","6044","0.0767794002059173","1.24602651366605","98086","1"
"year","2010",NA,"BRB","BRB-IPUMS","pobreza_PHC","Total","Total","Total","Total","Total","Otro","Total","Total","0.0329190001365934","241","0.208530478537064","6.33465408037279","7321","1"
"year","2010",NA,"BRB","BRB-IPUMS","pobreza_PHC","Total","Total","men","Total","Total","Total","Total","Total","0.0571721521583103","2788","0.105136703768076","1.83894955496779","48765","1"
"year","2010",NA,"BRB","BRB-IPUMS","pobreza_PHC","Total","Total","women","Total","Total","Total","Total","Total","0.0617386391723456","3497","0.101127938066655","1.6380007629315","56642","1"
"year","2010",NA,"BRB","BRB-IPUMS","pobreza_PHC","Total","Total","Total","Total","Total","Total","Total","Total","0.0596260210422458","6285","0.0729345805487907","1.22320053013626","105407","1"
"year","2010","country","BRB","BRB-IPUMS","pobreza_PHC","Total","Total","men","Total","Total","Afro","Total","Total","0.0592055847656077","2680","0.110928373019456","1.87361333324579","45266","1"
"year","2010","country","BRB","BRB-IPUMS","pobreza_PHC","Total","Total","men","Total","Total","Otro","Total","Total","0.0308659617033438","108","0.292388211595961","9.47283659605803","3499","1"
"year","2010","country","BRB","BRB-IPUMS","pobreza_PHC","Total","Total","women","Total","Total","Afro","Total","Total","0.0636879969708444","3364","0.106252679777941","1.6683313156572","52820","1"
"year","2010","country","BRB","BRB-IPUMS","pobreza_PHC","Total","Total","women","Total","Total","Otro","Total","Total","0.0347985347985348","133","0.296444996122087","8.51889304645576","3822","1"
"year","2010","country","BRB","BRB-IPUMS","pobreza_PHC","Total","Total","Total","Total","Total","Afro","Total","Total","0.0616193952245988","6044","0.0767794002059173","1.24602651366605","98086","1"
"year","2010","country","BRB","BRB-IPUMS","pobreza_PHC","Total","Total","Total","Total","Total","Otro","Total","Total","0.0329190001365934","241","0.208530478537064","6.33465408037279","7321","1"
"year","2010","country","BRB","BRB-IPUMS","pobreza_PHC","Total","Total","men","Total","Total","Total","Total","Total","0.0571721521583103","2788","0.105136703768076","1.83894955496779","48765","1"
"year","2010","country","BRB","BRB-IPUMS","pobreza_PHC","Total","Total","women","Total","Total","Total","Total","Total","0.0617386391723456","3497","0.101127938066655","1.6380007629315","56642","1"
"year","2010","country","BRB","BRB-IPUMS","pobreza_PHC","Total","Total","Total","Total","Total","Total","Total","Total","0.0596260210422458","6285","0.0729345805487907","1.22320053013626","105407","1"
"year","2010",NA,"BRB","BRB-IPUMS","vulnerable_PHC","Total","Total","men","Total","Total","Afro","Total","Total","0.212875005522909","9636","0.192396925707566","0.903802328671513","45266","1"
"year","2010",NA,"BRB","BRB-IPUMS","vulnerable_PHC","Total","Total","men","Total","Total","Otro","Total","Total","0.117462132037725","411","0.544306653454457","4.63389046335072","3499","1"
"year","2010",NA,"BRB","BRB-IPUMS","vulnerable_PHC","Total","Total","women","Total","Total","Afro","Total","Total","0.220143884892086","11628","0.180285731205542","0.818944988155894","52820","1"
"year","2010",NA,"BRB","BRB-IPUMS","vulnerable_PHC","Total","Total","women","Total","Total","Otro","Total","Total","0.124280481423339","475","0.533628033834712","4.29373967435004","3822","1"
"year","2010",NA,"BRB","BRB-IPUMS","vulnerable_PHC","Total","Total","Total","Total","Total","Afro","Total","Total","0.216789348123076","21264","0.131569356429203","0.606899543581395","98086","1"
"year","2010",NA,"BRB","BRB-IPUMS","vulnerable_PHC","Total","Total","Total","Total","Total","Otro","Total","Total","0.121021718344488","886","0.381184757655978","3.14972190835149","7321","1"
"year","2010",NA,"BRB","BRB-IPUMS","vulnerable_PHC","Total","Total","men","Total","Total","Total","Total","Total","0.206028914180252","10047","0.183152274361542","0.888963935427552","48765","1"
"year","2010",NA,"BRB","BRB-IPUMS","vulnerable_PHC","Total","Total","women","Total","Total","Total","Total","Total","0.21367536457046","12103","0.172230030345061","0.806035972800543","56642","1"
"year","2010",NA,"BRB","BRB-IPUMS","vulnerable_PHC","Total","Total","Total","Total","Total","Total","Total","Total","0.210137846632577","22150","0.12548536109203","0.597157356958358","105407","1"
"year","2010","country","BRB","BRB-IPUMS","vulnerable_PHC","Total","Total","men","Total","Total","Afro","Total","Total","0.212875005522909","9636","0.192396925707566","0.903802328671513","45266","1"
"year","2010","country","BRB","BRB-IPUMS","vulnerable_PHC","Total","Total","men","Total","Total","Otro","Total","Total","0.117462132037725","411","0.544306653454457","4.63389046335072","3499","1"
"year","2010","country","BRB","BRB-IPUMS","vulnerable_PHC","Total","Total","women","Total","Total","Afro","Total","Total","0.220143884892086","11628","0.180285731205542","0.818944988155894","52820","1"
"year","2010","country","BRB","BRB-IPUMS","vulnerable_PHC","Total","Total","women","Total","Total","Otro","Total","Total","0.124280481423339","475","0.533628033834712","4.29373967435004","3822","1"
"year","2010","country","BRB","BRB-IPUMS","vulnerable_PHC","Total","Total","Total","Total","Total","Afro","Total","Total","0.216789348123076","21264","0.131569356429203","0.606899543581395","98086","1"
"year","2010","country","BRB","BRB-IPUMS","vulnerable_PHC","Total","Total","Total","Total","Total","Otro","Total","Total","0.121021718344488","886","0.381184757655978","3.14972190835149","7321","1"
"year","2010","country","BRB","BRB-IPUMS","vulnerable_PHC","Total","Total","men","Total","Total","Total","Total","Total","0.206028914180252","10047","0.183152274361542","0.888963935427552","48765","1"
"year","2010","country","BRB","BRB-IPUMS","vulnerable_PHC","Total","Total","women","Total","Total","Total","Total","Total","0.21367536457046","12103","0.172230030345061","0.806035972800543","56642","1"
"year","2010","country","BRB","BRB-IPUMS","vulnerable_PHC","Total","Total","Total","Total","Total","Total","Total","Total","0.210137846632577","22150","0.12548536109203","0.597157356958358","105407","1"
"year","2010",NA,"BRB","BRB-IPUMS","middle_PHC","Total","Total","men","Total","Total","Afro","Total","Total","0.634825255158397","28736","0.226303570273813","0.356481674972663","45266","1"
"year","2010",NA,"BRB","BRB-IPUMS","middle_PHC","Total","Total","men","Total","Total","Otro","Total","Total","0.58673906830523","2053","0.832458721038834","1.41878863366531","3499","1"
"year","2010",NA,"BRB","BRB-IPUMS","middle_PHC","Total","Total","women","Total","Total","Afro","Total","Total","0.612665656948126","32361","0.211960811028056","0.345964897206573","52820","1"
"year","2010",NA,"BRB","BRB-IPUMS","middle_PHC","Total","Total","women","Total","Total","Otro","Total","Total","0.570643642072214","2181","0.800656252017851","1.40307574287585","3822","1"
"year","2010",NA,"BRB","BRB-IPUMS","middle_PHC","Total","Total","Total","Total","Total","Afro","Total","Total","0.622892155863222","61097","0.154751797393419","0.24844075485099","98086","1"
"year","2010",NA,"BRB","BRB-IPUMS","middle_PHC","Total","Total","Total","Total","Total","Otro","Total","Total","0.578336292856167","4234","0.577149244244402","0.997947476880791","7321","1"
"year","2010",NA,"BRB","BRB-IPUMS","middle_PHC","Total","Total","men","Total","Total","Total","Total","Total","0.631374961550292","30789","0.218465055121336","0.346014758939619","48765","1"
"year","2010",NA,"BRB","BRB-IPUMS","middle_PHC","Total","Total","women","Total","Total","Total","Total","Total","0.609830161364359","34542","0.204956646842615","0.33608807800531","56642","1"
"year","2010",NA,"BRB","BRB-IPUMS","middle_PHC","Total","Total","Total","Total","Total","Total","Total","Total","0.619797546652499","65331","0.149519438479219","0.241239158313496","105407","1"
"year","2010","country","BRB","BRB-IPUMS","middle_PHC","Total","Total","men","Total","Total","Afro","Total","Total","0.634825255158397","28736","0.226303570273813","0.356481674972663","45266","1"
"year","2010","country","BRB","BRB-IPUMS","middle_PHC","Total","Total","men","Total","Total","Otro","Total","Total","0.58673906830523","2053","0.832458721038834","1.41878863366531","3499","1"
"year","2010","country","BRB","BRB-IPUMS","middle_PHC","Total","Total","women","Total","Total","Afro","Total","Total","0.612665656948126","32361","0.211960811028056","0.345964897206573","52820","1"
"year","2010","country","BRB","BRB-IPUMS","middle_PHC","Total","Total","women","Total","Total","Otro","Total","Total","0.570643642072214","2181","0.800656252017851","1.40307574287585","3822","1"
"year","2010","country","BRB","BRB-IPUMS","middle_PHC","Total","Total","Total","Total","Total","Afro","Total","Total","0.622892155863222","61097","0.154751797393419","0.24844075485099","98086","1"
"year","2010","country","BRB","BRB-IPUMS","middle_PHC","Total","Total","Total","Total","Total","Otro","Total","Total","0.578336292856167","4234","0.577149244244402","0.997947476880791","7321","1"
"year","2010","country","BRB","BRB-IPUMS","middle_PHC","Total","Total","men","Total","Total","Total","Total","Total","0.631374961550292","30789","0.218465055121336","0.346014758939619","48765","1"
"year","2010","country","BRB","BRB-IPUMS","middle_PHC","Total","Total","women","Total","Total","Total","Total","Total","0.609830161364359","34542","0.204956646842615","0.33608807800531","56642","1"
"year","2010","country","BRB","BRB-IPUMS","middle_PHC","Total","Total","Total","Total","Total","Total","Total","Total","0.619797546652499","65331","0.149519438479219","0.241239158313496","105407","1"
"year","2010",NA,"BRB","BRB-IPUMS","rich_PHC","Total","Total","men","Total","Total","Afro","Total","Total","0.0930941545530862","4214","0.136570294876835","1.46701256950517","45266","1"
"year","2010",NA,"BRB","BRB-IPUMS","rich_PHC","Total","Total","men","Total","Total","Otro","Total","Total","0.264932837953701","927","0.74603539979064","2.81594160072001","3499","1"
"year","2010",NA,"BRB","BRB-IPUMS","rich_PHC","Total","Total","women","Total","Total","Afro","Total","Total","0.103502461188944","5467","0.13254113670381","1.28056024157587","52820","1"
"year","2010",NA,"BRB","BRB-IPUMS","rich_PHC","Total","Total","women","Total","Total","Otro","Total","Total","0.270277341705913","1033","0.718353800574871","2.65783952158486","3822","1"
"year","2010",NA,"BRB","BRB-IPUMS","rich_PHC","Total","Total","Total","Total","Total","Afro","Total","Total","0.0986991007891034","9681","0.09523311458664","0.964883305169421","98086","1"
"year","2010",NA,"BRB","BRB-IPUMS","rich_PHC","Total","Total","Total","Total","Total","Otro","Total","Total","0.267722988662751","1960","0.517482096562365","1.93290123925157","7321","1"
"year","2010",NA,"BRB","BRB-IPUMS","rich_PHC","Total","Total","men","Total","Total","Total","Total","Total","0.105423972111145","5141","0.139067036964597","1.31912158287854","48765","1"
"year","2010",NA,"BRB","BRB-IPUMS","rich_PHC","Total","Total","women","Total","Total","Total","Total","Total","0.114755834892836","6500","0.133921293414671","1.16701075409135","56642","1"
"year","2010",NA,"BRB","BRB-IPUMS","rich_PHC","Total","Total","Total","Total","Total","Total","Total","Total","0.110438585672678","11641","0.0965414149982303","0.874163811589937","105407","1"
"year","2010","country","BRB","BRB-IPUMS","rich_PHC","Total","Total","men","Total","Total","Afro","Total","Total","0.0930941545530862","4214","0.136570294876835","1.46701256950517","45266","1"
"year","2010","country","BRB","BRB-IPUMS","rich_PHC","Total","Total","men","Total","Total","Otro","Total","Total","0.264932837953701","927","0.74603539979064","2.81594160072001","3499","1"
"year","2010","country","BRB","BRB-IPUMS","rich_PHC","Total","Total","women","Total","Total","Afro","Total","Total","0.103502461188944","5467","0.13254113670381","1.28056024157587","52820","1"
"year","2010","country","BRB","BRB-IPUMS","rich_PHC","Total","Total","women","Total","Total","Otro","Total","Total","0.270277341705913","1033","0.718353800574871","2.65783952158486","3822","1"
"year","2010","country","BRB","BRB-IPUMS","rich_PHC","Total","Total","Total","Total","Total","Afro","Total","Total","0.0986991007891034","9681","0.09523311458664","0.964883305169421","98086","1"
"year","2010","country","BRB","BRB-IPUMS","rich_PHC","Total","Total","Total","Total","Total","Otro","Total","Total","0.267722988662751","1960","0.517482096562365","1.93290123925157","7321","1"
"year","2010","country","BRB","BRB-IPUMS","rich_PHC","Total","Total","men","Total","Total","Total","Total","Total","0.105423972111145","5141","0.139067036964597","1.31912158287854","48765","1"
"year","2010","country","BRB","BRB-IPUMS","rich_PHC","Total","Total","women","Total","Total","Total","Total","Total","0.114755834892836","6500","0.133921293414671","1.16701075409135","56642","1"
"year","2010","country","BRB","BRB-IPUMS","rich_PHC","Total","Total","Total","Total","Total","Total","Total","Total","0.110438585672678","11641","0.0965414149982303","0.874163811589937","105407","1"
"year","2010",NA,"BRB","BRB-IPUMS","aguared_ch_PHC","Total","Total","men","Total","Total","Afro","Total","Total","0.929588437567161","34603","0.132603756589753","0.142647811903504","37224","1"
"year","2010",NA,"BRB","BRB-IPUMS","aguared_ch_PHC","Total","Total","men","Total","Total","Otro","Total","Total","0.962062256809339","3956","0.297927629881065","0.309676039957265","4112","1"
"year","2010",NA,"BRB","BRB-IPUMS","aguared_ch_PHC","Total","Total","women","Total","Total","Afro","Total","Total","0.953862415723917","33389","0.112127323774048","0.117550835346574","35004","1"
"year","2010",NA,"BRB","BRB-IPUMS","aguared_ch_PHC","Total","Total","women","Total","Total","Otro","Total","Total","0.97163730124624","2261","0.344134072529994","0.354179560715301","2327","1"
"year","2010",NA,"BRB","BRB-IPUMS","aguared_ch_PHC","Total","Total","Total","Total","Total","Afro","Total","Total","0.941352384116963","67992","0.0874275885585499","0.0928744538534966","72228","1"
"year","2010",NA,"BRB","BRB-IPUMS","aguared_ch_PHC","Total","Total","Total","Total","Total","Otro","Total","Total","0.965522596676503","6217","0.227373204857695","0.235492370287711","6439","1"
"year","2010",NA,"BRB","BRB-IPUMS","aguared_ch_PHC","Total","Total","men","Total","Total","Total","Total","Total","0.932818850396749","38559","0.12312837509581","0.131996019423751","41336","1"
"year","2010",NA,"BRB","BRB-IPUMS","aguared_ch_PHC","Total","Total","women","Total","Total","Total","Total","Total","0.95497039993571","35650","0.107327048961268","0.112387827903874","37331","1"
"year","2010",NA,"BRB","BRB-IPUMS","aguared_ch_PHC","Total","Total","Total","Total","Total","Total","Total","Total","0.943330748598523","74209","0.0824345817919884","0.0873867219047602","78667","1"
"year","2010","country","BRB","BRB-IPUMS","aguared_ch_PHC","Total","Total","men","Total","Total","Afro","Total","Total","0.929588437567161","34603","0.132603756589753","0.142647811903504","37224","1"
"year","2010","country","BRB","BRB-IPUMS","aguared_ch_PHC","Total","Total","men","Total","Total","Otro","Total","Total","0.962062256809339","3956","0.297927629881065","0.309676039957265","4112","1"
"year","2010","country","BRB","BRB-IPUMS","aguared_ch_PHC","Total","Total","women","Total","Total","Afro","Total","Total","0.953862415723917","33389","0.112127323774048","0.117550835346574","35004","1"
"year","2010","country","BRB","BRB-IPUMS","aguared_ch_PHC","Total","Total","women","Total","Total","Otro","Total","Total","0.97163730124624","2261","0.344134072529994","0.354179560715301","2327","1"
"year","2010","country","BRB","BRB-IPUMS","aguared_ch_PHC","Total","Total","Total","Total","Total","Afro","Total","Total","0.941352384116963","67992","0.0874275885585499","0.0928744538534966","72228","1"
"year","2010","country","BRB","BRB-IPUMS","aguared_ch_PHC","Total","Total","Total","Total","Total","Otro","Total","Total","0.965522596676503","6217","0.227373204857695","0.235492370287711","6439","1"
"year","2010","country","BRB","BRB-IPUMS","aguared_ch_PHC","Total","Total","men","Total","Total","Total","Total","Total","0.932818850396749","38559","0.12312837509581","0.131996019423751","41336","1"
"year","2010","country","BRB","BRB-IPUMS","aguared_ch_PHC","Total","Total","women","Total","Total","Total","Total","Total","0.95497039993571","35650","0.107327048961268","0.112387827903874","37331","1"
"year","2010","country","BRB","BRB-IPUMS","aguared_ch_PHC","Total","Total","Total","Total","Total","Total","Total","Total","0.943330748598523","74209","0.0824345817919884","0.0873867219047602","78667","1"
"year","2010",NA,"BRB","BRB-IPUMS","cel_ch_PHC","Total","Total","men","Total","Total","Afro","Total","Total","0.888539651837524","33075","0.163112440064836","0.183573619621269","37224","1"
"year","2010",NA,"BRB","BRB-IPUMS","cel_ch_PHC","Total","Total","men","Total","Total","Otro","Total","Total","0.88886186770428","3655","0.490142240545311","0.551426783344","4112","1"
"year","2010",NA,"BRB","BRB-IPUMS","cel_ch_PHC","Total","Total","women","Total","Total","Afro","Total","Total","0.873928693863558","30591","0.17741375502263","0.203007128920668","35004","1"
"year","2010",NA,"BRB","BRB-IPUMS","cel_ch_PHC","Total","Total","women","Total","Total","Otro","Total","Total","0.847443059733562","1972","0.74537196997667","0.879554043679367","2327","1"
"year","2010",NA,"BRB","BRB-IPUMS","cel_ch_PHC","Total","Total","Total","Total","Total","Afro","Total","Total","0.881458714072105","63666","0.12027711713338","0.136452354731093","72228","1"
"year","2010",NA,"BRB","BRB-IPUMS","cel_ch_PHC","Total","Total","Total","Total","Total","Otro","Total","Total","0.873893461717658","5627","0.413703156540174","0.4734022791829","6439","1"
"year","2010",NA,"BRB","BRB-IPUMS","cel_ch_PHC","Total","Total","men","Total","Total","Total","Total","Total","0.888571705051287","36730","0.154767496722626","0.174175585203553","41336","1"
"year","2010",NA,"BRB","BRB-IPUMS","cel_ch_PHC","Total","Total","women","Total","Total","Total","Total","Total","0.872277731643942","32563","0.172753117119323","0.198048294542316","37331","1"
"year","2010",NA,"BRB","BRB-IPUMS","cel_ch_PHC","Total","Total","Total","Total","Total","Total","Total","Total","0.880839487968271","69293","0.115509651618938","0.131135868903165","78667","1"
"year","2010","country","BRB","BRB-IPUMS","cel_ch_PHC","Total","Total","men","Total","Total","Afro","Total","Total","0.888539651837524","33075","0.163112440064836","0.183573619621269","37224","1"
"year","2010","country","BRB","BRB-IPUMS","cel_ch_PHC","Total","Total","men","Total","Total","Otro","Total","Total","0.88886186770428","3655","0.490142240545311","0.551426783344","4112","1"
"year","2010","country","BRB","BRB-IPUMS","cel_ch_PHC","Total","Total","women","Total","Total","Afro","Total","Total","0.873928693863558","30591","0.17741375502263","0.203007128920668","35004","1"
"year","2010","country","BRB","BRB-IPUMS","cel_ch_PHC","Total","Total","women","Total","Total","Otro","Total","Total","0.847443059733562","1972","0.74537196997667","0.879554043679367","2327","1"
"year","2010","country","BRB","BRB-IPUMS","cel_ch_PHC","Total","Total","Total","Total","Total","Afro","Total","Total","0.881458714072105","63666","0.12027711713338","0.136452354731093","72228","1"
"year","2010","country","BRB","BRB-IPUMS","cel_ch_PHC","Total","Total","Total","Total","Total","Otro","Total","Total","0.873893461717658","5627","0.413703156540174","0.4734022791829","6439","1"
"year","2010","country","BRB","BRB-IPUMS","cel_ch_PHC","Total","Total","men","Total","Total","Total","Total","Total","0.888571705051287","36730","0.154767496722626","0.174175585203553","41336","1"
"year","2010","country","BRB","BRB-IPUMS","cel_ch_PHC","Total","Total","women","Total","Total","Total","Total","Total","0.872277731643942","32563","0.172753117119323","0.198048294542316","37331","1"
"year","2010","country","BRB","BRB-IPUMS","cel_ch_PHC","Total","Total","Total","Total","Total","Total","Total","Total","0.880839487968271","69293","0.115509651618938","0.131135868903165","78667","1"
"year","2010",NA,"BRB","BRB-IPUMS","internet_ch_PHC","Total","Total","men","Total","Total","Afro","Total","Total","0.457957231893402","17047","0.258236554348545","0.563887927440034","37224","1"
"year","2010",NA,"BRB","BRB-IPUMS","internet_ch_PHC","Total","Total","men","Total","Total","Otro","Total","Total","0.662451361867704","2724","0.737426305470799","1.11317803527751","4112","1"
"year","2010",NA,"BRB","BRB-IPUMS","internet_ch_PHC","Total","Total","women","Total","Total","Afro","Total","Total","0.452805393669295","15850","0.266052817255018","0.587565477299347","35004","1"
"year","2010",NA,"BRB","BRB-IPUMS","internet_ch_PHC","Total","Total","women","Total","Total","Otro","Total","Total","0.571551353674259","1330","1.02583809958674","1.7948310208559","2327","1"
"year","2010",NA,"BRB","BRB-IPUMS","internet_ch_PHC","Total","Total","Total","Total","Total","Afro","Total","Total","0.455460486238024","32897","0.185305051117273","0.406852090831941","72228","1"
"year","2010",NA,"BRB","BRB-IPUMS","internet_ch_PHC","Total","Total","Total","Total","Total","Otro","Total","Total","0.629600869700264","4054","0.601808650717038","0.95585740058387","6439","1"
"year","2010",NA,"BRB","BRB-IPUMS","internet_ch_PHC","Total","Total","men","Total","Total","Total","Total","Total","0.478299787110509","19771","0.245695032812174","0.513684177650297","41336","1"
"year","2010",NA,"BRB","BRB-IPUMS","internet_ch_PHC","Total","Total","women","Total","Total","Total","Total","Total","0.460207334386971","17180","0.257961827931877","0.560533934722054","37331","1"
"year","2010",NA,"BRB","BRB-IPUMS","internet_ch_PHC","Total","Total","Total","Total","Total","Total","Total","Total","0.469714111380884","36951","0.177940802449066","0.378827883041343","78667","1"
"year","2010","country","BRB","BRB-IPUMS","internet_ch_PHC","Total","Total","men","Total","Total","Afro","Total","Total","0.457957231893402","17047","0.258236554348545","0.563887927440034","37224","1"
"year","2010","country","BRB","BRB-IPUMS","internet_ch_PHC","Total","Total","men","Total","Total","Otro","Total","Total","0.662451361867704","2724","0.737426305470799","1.11317803527751","4112","1"
"year","2010","country","BRB","BRB-IPUMS","internet_ch_PHC","Total","Total","women","Total","Total","Afro","Total","Total","0.452805393669295","15850","0.266052817255018","0.587565477299347","35004","1"
"year","2010","country","BRB","BRB-IPUMS","internet_ch_PHC","Total","Total","women","Total","Total","Otro","Total","Total","0.571551353674259","1330","1.02583809958674","1.7948310208559","2327","1"
"year","2010","country","BRB","BRB-IPUMS","internet_ch_PHC","Total","Total","Total","Total","Total","Afro","Total","Total","0.455460486238024","32897","0.185305051117273","0.406852090831941","72228","1"
"year","2010","country","BRB","BRB-IPUMS","internet_ch_PHC","Total","Total","Total","Total","Total","Otro","Total","Total","0.629600869700264","4054","0.601808650717038","0.95585740058387","6439","1"
"year","2010","country","BRB","BRB-IPUMS","internet_ch_PHC","Total","Total","men","Total","Total","Total","Total","Total","0.478299787110509","19771","0.245695032812174","0.513684177650297","41336","1"
"year","2010","country","BRB","BRB-IPUMS","internet_ch_PHC","Total","Total","women","Total","Total","Total","Total","Total","0.460207334386971","17180","0.257961827931877","0.560533934722054","37331","1"
"year","2010","country","BRB","BRB-IPUMS","internet_ch_PHC","Total","Total","Total","Total","Total","Total","Total","Total","0.469714111380884","36951","0.177940802449066","0.378827883041343","78667","1"
"year","2010",NA,"BRB","BRB-IPUMS","luz_ch_PHC","Total","Total","men","Total","Total","Afro","Total","Total","0.98865861618799","36351","0.0552231528673305","0.0558566445111828","36768","1"
"year","2010",NA,"BRB","BRB-IPUMS","luz_ch_PHC","Total","Total","men","Total","Total","Otro","Total","Total","0.998019311710819","4031","0.0699585199330265","0.0700973609549725","4039","1"
"year","2010",NA,"BRB","BRB-IPUMS","luz_ch_PHC","Total","Total","women","Total","Total","Afro","Total","Total","0.996942072467113","34558","0.0296557709523161","0.0297467343101767","34664","1"
"year","2010",NA,"BRB","BRB-IPUMS","luz_ch_PHC","Total","Total","women","Total","Total","Otro","Total","Total","0.999131567520625","2301","0.0613807796135238","0.0614341310082335","2303","1"
"year","2010",NA,"BRB","BRB-IPUMS","luz_ch_PHC","Total","Total","Total","Total","Total","Afro","Total","Total","0.992678351439131","70909","0.0318979159876111","0.0321331838670272","71432","1"
"year","2010",NA,"BRB","BRB-IPUMS","luz_ch_PHC","Total","Total","Total","Total","Total","Otro","Total","Total","0.99842321034374","6332","0.0498231402279663","0.0499018249093117","6342","1"
"year","2010",NA,"BRB","BRB-IPUMS","luz_ch_PHC","Total","Total","men","Total","Total","Total","Total","Total","0.989585120199966","40382","0.0502558213521015","0.0507847382971424","40807","1"
"year","2010",NA,"BRB","BRB-IPUMS","luz_ch_PHC","Total","Total","women","Total","Total","Total","Total","Total","0.997078475396976","36859","0.0280712880524667","0.0281535393102238","36967","1"
"year","2010",NA,"BRB","BRB-IPUMS","luz_ch_PHC","Total","Total","Total","Total","Total","Total","Total","Total","0.993146809987914","77241","0.0295825695844553","0.0297867035235358","77774","1"
"year","2010","country","BRB","BRB-IPUMS","luz_ch_PHC","Total","Total","men","Total","Total","Afro","Total","Total","0.98865861618799","36351","0.0552231528673305","0.0558566445111828","36768","1"
"year","2010","country","BRB","BRB-IPUMS","luz_ch_PHC","Total","Total","men","Total","Total","Otro","Total","Total","0.998019311710819","4031","0.0699585199330265","0.0700973609549725","4039","1"
"year","2010","country","BRB","BRB-IPUMS","luz_ch_PHC","Total","Total","women","Total","Total","Afro","Total","Total","0.996942072467113","34558","0.0296557709523161","0.0297467343101767","34664","1"
"year","2010","country","BRB","BRB-IPUMS","luz_ch_PHC","Total","Total","women","Total","Total","Otro","Total","Total","0.999131567520625","2301","0.0613807796135238","0.0614341310082335","2303","1"
"year","2010","country","BRB","BRB-IPUMS","luz_ch_PHC","Total","Total","Total","Total","Total","Afro","Total","Total","0.992678351439131","70909","0.0318979159876111","0.0321331838670272","71432","1"
"year","2010","country","BRB","BRB-IPUMS","luz_ch_PHC","Total","Total","Total","Total","Total","Otro","Total","Total","0.99842321034374","6332","0.0498231402279663","0.0499018249093117","6342","1"
"year","2010","country","BRB","BRB-IPUMS","luz_ch_PHC","Total","Total","men","Total","Total","Total","Total","Total","0.989585120199966","40382","0.0502558213521015","0.0507847382971424","40807","1"
"year","2010","country","BRB","BRB-IPUMS","luz_ch_PHC","Total","Total","women","Total","Total","Total","Total","Total","0.997078475396976","36859","0.0280712880524667","0.0281535393102238","36967","1"
"year","2010","country","BRB","BRB-IPUMS","luz_ch_PHC","Total","Total","Total","Total","Total","Total","Total","Total","0.993146809987914","77241","0.0295825695844553","0.0297867035235358","77774","1"
"year","2010",NA,"BRB","BRB-IPUMS","parednp_ch_PHC","Total","Total","men","Total","Total","Afro","Total","Total","0.997795402607877","37113","0.0243188543928102","0.0243725861326375","37195","1"
"year","2010",NA,"BRB","BRB-IPUMS","parednp_ch_PHC","Total","Total","men","Total","Total","Otro","Total","Total","0.996583699365544","4084","0.091148379832009","0.0914608375493567","4098","1"
"year","2010",NA,"BRB","BRB-IPUMS","parednp_ch_PHC","Total","Total","women","Total","Total","Afro","Total","Total","0.99825529845837","34902","0.0223191185659199","0.0223581268242581","34963","1"
"year","2010",NA,"BRB","BRB-IPUMS","parednp_ch_PHC","Total","Total","women","Total","Total","Otro","Total","Total","0.993970714900947","2308","0.160652910143793","0.161627407865636","2322","1"
"year","2010",NA,"BRB","BRB-IPUMS","parednp_ch_PHC","Total","Total","Total","Total","Total","Afro","Total","Total","0.998018237756035","72015","0.0165558990713066","0.0165887740774469","72158","1"
"year","2010",NA,"BRB","BRB-IPUMS","parednp_ch_PHC","Total","Total","Total","Total","Total","Otro","Total","Total","0.995638629283489","6392","0.0822422260241548","0.0826024860880904","6420","1"
"year","2010",NA,"BRB","BRB-IPUMS","parednp_ch_PHC","Total","Total","men","Total","Total","Total","Total","Total","0.997675150751943","41197","0.0237002953406155","0.0237555233512157","41293","1"
"year","2010",NA,"BRB","BRB-IPUMS","parednp_ch_PHC","Total","Total","women","Total","Total","Total","Total","Total","0.997988467212016","37210","0.0232038070557847","0.0232505763524572","37285","1"
"year","2010",NA,"BRB","BRB-IPUMS","parednp_ch_PHC","Total","Total","Total","Total","Total","Total","Total","Total","0.997823818371554","78407","0.0166235593263545","0.0166598141077491","78578","1"
"year","2010","country","BRB","BRB-IPUMS","parednp_ch_PHC","Total","Total","men","Total","Total","Afro","Total","Total","0.997795402607877","37113","0.0243188543928102","0.0243725861326375","37195","1"
"year","2010","country","BRB","BRB-IPUMS","parednp_ch_PHC","Total","Total","men","Total","Total","Otro","Total","Total","0.996583699365544","4084","0.091148379832009","0.0914608375493567","4098","1"
"year","2010","country","BRB","BRB-IPUMS","parednp_ch_PHC","Total","Total","women","Total","Total","Afro","Total","Total","0.99825529845837","34902","0.0223191185659199","0.0223581268242581","34963","1"
"year","2010","country","BRB","BRB-IPUMS","parednp_ch_PHC","Total","Total","women","Total","Total","Otro","Total","Total","0.993970714900947","2308","0.160652910143793","0.161627407865636","2322","1"
"year","2010","country","BRB","BRB-IPUMS","parednp_ch_PHC","Total","Total","Total","Total","Total","Afro","Total","Total","0.998018237756035","72015","0.0165558990713066","0.0165887740774469","72158","1"
"year","2010","country","BRB","BRB-IPUMS","parednp_ch_PHC","Total","Total","Total","Total","Total","Otro","Total","Total","0.995638629283489","6392","0.0822422260241548","0.0826024860880904","6420","1"
"year","2010","country","BRB","BRB-IPUMS","parednp_ch_PHC","Total","Total","men","Total","Total","Total","Total","Total","0.997675150751943","41197","0.0237002953406155","0.0237555233512157","41293","1"
"year","2010","country","BRB","BRB-IPUMS","parednp_ch_PHC","Total","Total","women","Total","Total","Total","Total","Total","0.997988467212016","37210","0.0232038070557847","0.0232505763524572","37285","1"
"year","2010","country","BRB","BRB-IPUMS","parednp_ch_PHC","Total","Total","Total","Total","Total","Total","Total","Total","0.997823818371554","78407","0.0166235593263545","0.0166598141077491","78578","1"
"year","2010",NA,"BRB","BRB-IPUMS","refrig_ch_PHC","Total","Total","men","Total","Total","Afro","Total","Total","0.937620889748549","34902","0.125349240102716","0.133688617087374","37224","1"
"year","2010",NA,"BRB","BRB-IPUMS","refrig_ch_PHC","Total","Total","men","Total","Total","Otro","Total","Total","0.947714007782101","3897","0.347140091717239","0.366292034165072","4112","1"
"year","2010",NA,"BRB","BRB-IPUMS","refrig_ch_PHC","Total","Total","women","Total","Total","Afro","Total","Total","0.964289795451948","33754","0.0991838853010574","0.102856927210944","35004","1"
"year","2010",NA,"BRB","BRB-IPUMS","refrig_ch_PHC","Total","Total","women","Total","Total","Otro","Total","Total","0.962612806188225","2240","0.393268408396585","0.408542672472702","2327","1"
"year","2010",NA,"BRB","BRB-IPUMS","refrig_ch_PHC","Total","Total","Total","Total","Total","Afro","Total","Total","0.950545494821953","68656","0.0806745570666161","0.0848718525373972","72228","1"
"year","2010",NA,"BRB","BRB-IPUMS","refrig_ch_PHC","Total","Total","Total","Total","Total","Otro","Total","Total","0.953098307190558","6137","0.263483786174847","0.276449747299957","6439","1"
"year","2010",NA,"BRB","BRB-IPUMS","refrig_ch_PHC","Total","Total","men","Total","Total","Total","Total","Total","0.938624927424037","38799","0.118053217181334","0.125772514379433","41336","1"
"year","2010",NA,"BRB","BRB-IPUMS","refrig_ch_PHC","Total","Total","women","Total","Total","Total","Total","Total","0.964185261578849","35994","0.0961781289929168","0.099750673263171","37331","1"
"year","2010",NA,"BRB","BRB-IPUMS","refrig_ch_PHC","Total","Total","Total","Total","Total","Total","Total","Total","0.950754445955737","74793","0.0771474191877451","0.0811433693693573","78667","1"
"year","2010","country","BRB","BRB-IPUMS","refrig_ch_PHC","Total","Total","men","Total","Total","Afro","Total","Total","0.937620889748549","34902","0.125349240102716","0.133688617087374","37224","1"
"year","2010","country","BRB","BRB-IPUMS","refrig_ch_PHC","Total","Total","men","Total","Total","Otro","Total","Total","0.947714007782101","3897","0.347140091717239","0.366292034165072","4112","1"
"year","2010","country","BRB","BRB-IPUMS","refrig_ch_PHC","Total","Total","women","Total","Total","Afro","Total","Total","0.964289795451948","33754","0.0991838853010574","0.102856927210944","35004","1"
"year","2010","country","BRB","BRB-IPUMS","refrig_ch_PHC","Total","Total","women","Total","Total","Otro","Total","Total","0.962612806188225","2240","0.393268408396585","0.408542672472702","2327","1"
"year","2010","country","BRB","BRB-IPUMS","refrig_ch_PHC","Total","Total","Total","Total","Total","Afro","Total","Total","0.950545494821953","68656","0.0806745570666161","0.0848718525373972","72228","1"
"year","2010","country","BRB","BRB-IPUMS","refrig_ch_PHC","Total","Total","Total","Total","Total","Otro","Total","Total","0.953098307190558","6137","0.263483786174847","0.276449747299957","6439","1"
"year","2010","country","BRB","BRB-IPUMS","refrig_ch_PHC","Total","Total","men","Total","Total","Total","Total","Total","0.938624927424037","38799","0.118053217181334","0.125772514379433","41336","1"
"year","2010","country","BRB","BRB-IPUMS","refrig_ch_PHC","Total","Total","women","Total","Total","Total","Total","Total","0.964185261578849","35994","0.0961781289929168","0.099750673263171","37331","1"
"year","2010","country","BRB","BRB-IPUMS","refrig_ch_PHC","Total","Total","Total","Total","Total","Total","Total","Total","0.950754445955737","74793","0.0771474191877451","0.0811433693693573","78667","1"
"year","2010",NA,"BRB","BRB-IPUMS","ampl_ch_PHC","Total","Total","men","Total","Total","Afro","Total","Total","0.176257253384913","6561","0.197495762191855","1.12049721869069","37224","1"
"year","2010",NA,"BRB","BRB-IPUMS","ampl_ch_PHC","Total","Total","men","Total","Total","Otro","Total","Total","0.124756809338521","513","0.515311633316582","4.1305291153953","4112","1"
"year","2010",NA,"BRB","BRB-IPUMS","ampl_ch_PHC","Total","Total","women","Total","Total","Afro","Total","Total","0.336304422351731","11772","0.252517751439652","0.750860632976009","35004","1"
"year","2010",NA,"BRB","BRB-IPUMS","ampl_ch_PHC","Total","Total","women","Total","Total","Otro","Total","Total","0.204555221314998","476","0.83620374994462","4.08791202966624","2327","1"
"year","2010",NA,"BRB","BRB-IPUMS","ampl_ch_PHC","Total","Total","Total","Total","Total","Afro","Total","Total","0.253821232762917","18333","0.16193197892147","0.637976489038344","72228","1"
"year","2010",NA,"BRB","BRB-IPUMS","ampl_ch_PHC","Total","Total","Total","Total","Total","Otro","Total","Total","0.153595278769995","989","0.449333459370817","2.92543796247593","6439","1"
"year","2010",NA,"BRB","BRB-IPUMS","ampl_ch_PHC","Total","Total","men","Total","Total","Total","Total","Total","0.17113412037933","7074","0.185244878718096","1.08245438319073","41336","1"
"year","2010",NA,"BRB","BRB-IPUMS","ampl_ch_PHC","Total","Total","women","Total","Total","Total","Total","Total","0.328091934317323","12248","0.24300650112031","0.740665879598488","37331","1"
"year","2010",NA,"BRB","BRB-IPUMS","ampl_ch_PHC","Total","Total","Total","Total","Total","Total","Total","Total","0.24561760331524","19322","0.15347202491788","0.624841309606401","78667","1"
"year","2010","country","BRB","BRB-IPUMS","ampl_ch_PHC","Total","Total","men","Total","Total","Afro","Total","Total","0.176257253384913","6561","0.197495762191855","1.12049721869069","37224","1"
"year","2010","country","BRB","BRB-IPUMS","ampl_ch_PHC","Total","Total","men","Total","Total","Otro","Total","Total","0.124756809338521","513","0.515311633316582","4.1305291153953","4112","1"
"year","2010","country","BRB","BRB-IPUMS","ampl_ch_PHC","Total","Total","women","Total","Total","Afro","Total","Total","0.336304422351731","11772","0.252517751439652","0.750860632976009","35004","1"
"year","2010","country","BRB","BRB-IPUMS","ampl_ch_PHC","Total","Total","women","Total","Total","Otro","Total","Total","0.204555221314998","476","0.83620374994462","4.08791202966624","2327","1"
"year","2010","country","BRB","BRB-IPUMS","ampl_ch_PHC","Total","Total","Total","Total","Total","Afro","Total","Total","0.253821232762917","18333","0.16193197892147","0.637976489038344","72228","1"
"year","2010","country","BRB","BRB-IPUMS","ampl_ch_PHC","Total","Total","Total","Total","Total","Otro","Total","Total","0.153595278769995","989","0.449333459370817","2.92543796247593","6439","1"
"year","2010","country","BRB","BRB-IPUMS","ampl_ch_PHC","Total","Total","men","Total","Total","Total","Total","Total","0.17113412037933","7074","0.185244878718096","1.08245438319073","41336","1"
"year","2010","country","BRB","BRB-IPUMS","ampl_ch_PHC","Total","Total","women","Total","Total","Total","Total","Total","0.328091934317323","12248","0.24300650112031","0.740665879598488","37331","1"
"year","2010","country","BRB","BRB-IPUMS","ampl_ch_PHC","Total","Total","Total","Total","Total","Total","Total","Total","0.24561760331524","19322","0.15347202491788","0.624841309606401","78667","1"
"year","2010",NA,"BRB","BRB-IPUMS","comp_ch_PHC","Total","Total","men","Total","Total","Afro","Total","Total","0.0291747259832366","1086","0.0872293045721697","2.98989284842951","37224","1"
"year","2010",NA,"BRB","BRB-IPUMS","comp_ch_PHC","Total","Total","men","Total","Total","Otro","Total","Total","0.0265077821011673","109","0.250510760296693","9.45046097559633","4112","1"
"year","2010",NA,"BRB","BRB-IPUMS","comp_ch_PHC","Total","Total","women","Total","Total","Afro","Total","Total","0.0275397097474574","964","0.0874695273749592","3.17612379277289","35004","1"
"year","2010",NA,"BRB","BRB-IPUMS","comp_ch_PHC","Total","Total","women","Total","Total","Otro","Total","Total","0.0193382036957456","45","0.285475933654722","14.7622777247675","2327","1"
"year","2010",NA,"BRB","BRB-IPUMS","comp_ch_PHC","Total","Total","Total","Total","Total","Afro","Total","Total","0.0283823447970316","2050","0.0617901201972172","2.17706185444127","72228","1"
"year","2010",NA,"BRB","BRB-IPUMS","comp_ch_PHC","Total","Total","Total","Total","Total","Otro","Total","Total","0.0239167572604442","154","0.190408075611153","7.9612831094819","6439","1"
"year","2010",NA,"BRB","BRB-IPUMS","comp_ch_PHC","Total","Total","men","Total","Total","Total","Total","Total","0.0289094251983743","1195","0.0824110359702441","2.85066324926026","41336","1"
"year","2010",NA,"BRB","BRB-IPUMS","comp_ch_PHC","Total","Total","women","Total","Total","Total","Total","Total","0.0270284749939728","1009","0.0839317009600436","3.10530656941466","37331","1"
"year","2010",NA,"BRB","BRB-IPUMS","comp_ch_PHC","Total","Total","Total","Total","Total","Total","Total","Total","0.0280168304371592","2204","0.0588359241052951","2.10002070852597","78667","1"
"year","2010","country","BRB","BRB-IPUMS","comp_ch_PHC","Total","Total","men","Total","Total","Afro","Total","Total","0.0291747259832366","1086","0.0872293045721697","2.98989284842951","37224","1"
"year","2010","country","BRB","BRB-IPUMS","comp_ch_PHC","Total","Total","men","Total","Total","Otro","Total","Total","0.0265077821011673","109","0.250510760296693","9.45046097559633","4112","1"
"year","2010","country","BRB","BRB-IPUMS","comp_ch_PHC","Total","Total","women","Total","Total","Afro","Total","Total","0.0275397097474574","964","0.0874695273749592","3.17612379277289","35004","1"
"year","2010","country","BRB","BRB-IPUMS","comp_ch_PHC","Total","Total","women","Total","Total","Otro","Total","Total","0.0193382036957456","45","0.285475933654722","14.7622777247675","2327","1"
"year","2010","country","BRB","BRB-IPUMS","comp_ch_PHC","Total","Total","Total","Total","Total","Afro","Total","Total","0.0283823447970316","2050","0.0617901201972172","2.17706185444127","72228","1"
"year","2010","country","BRB","BRB-IPUMS","comp_ch_PHC","Total","Total","Total","Total","Total","Otro","Total","Total","0.0239167572604442","154","0.190408075611153","7.9612831094819","6439","1"
"year","2010","country","BRB","BRB-IPUMS","comp_ch_PHC","Total","Total","men","Total","Total","Total","Total","Total","0.0289094251983743","1195","0.0824110359702441","2.85066324926026","41336","1"
"year","2010","country","BRB","BRB-IPUMS","comp_ch_PHC","Total","Total","women","Total","Total","Total","Total","Total","0.0270284749939728","1009","0.0839317009600436","3.10530656941466","37331","1"
"year","2010","country","BRB","BRB-IPUMS","comp_ch_PHC","Total","Total","Total","Total","Total","Total","Total","Total","0.0280168304371592","2204","0.0588359241052951","2.10002070852597","78667","1"
"year","2010",NA,"BRB","BRB-IPUMS","corres_ch_PHC","Total","Total","men","Total","Total","Afro","Total","Total","0.0163066838598754","607","0.0656449264802761","4.02564537611499","37224","1"
"year","2010",NA,"BRB","BRB-IPUMS","corres_ch_PHC","Total","Total","men","Total","Total","Otro","Total","Total","0.0260214007782101","107","0.248263852320553","9.54075664244968","4112","1"
"year","2010",NA,"BRB","BRB-IPUMS","corres_ch_PHC","Total","Total","women","Total","Total","Afro","Total","Total","0.0161410124557193","565","0.067355486504704","4.17294061877992","35004","1"
"year","2010",NA,"BRB","BRB-IPUMS","corres_ch_PHC","Total","Total","women","Total","Total","Otro","Total","Total","0.0318006016330039","74","0.363749060925768","11.4384333077603","2327","1"
"year","2010",NA,"BRB","BRB-IPUMS","corres_ch_PHC","Total","Total","Total","Total","Total","Afro","Total","Total","0.0162263941961566","1172","0.0470116830710987","2.89723536250795","72228","1"
"year","2010",NA,"BRB","BRB-IPUMS","corres_ch_PHC","Total","Total","Total","Total","Total","Otro","Total","Total","0.0281099549619506","181","0.20598207519976","7.32772697354284","6439","1"
"year","2010",NA,"BRB","BRB-IPUMS","corres_ch_PHC","Total","Total","men","Total","Total","Total","Total","Total","0.0172730791561835","714","0.0640821514455468","3.70994371450017","41336","1"
"year","2010",NA,"BRB","BRB-IPUMS","corres_ch_PHC","Total","Total","women","Total","Total","Total","Total","Total","0.0171171412498995","639","0.0671323246205222","3.92193554054572","37331","1"
"year","2010",NA,"BRB","BRB-IPUMS","corres_ch_PHC","Total","Total","Total","Total","Total","Total","Total","Total","0.0171990796649167","1353","0.0463541996614604","2.69515582022772","78667","1"
"year","2010","country","BRB","BRB-IPUMS","corres_ch_PHC","Total","Total","men","Total","Total","Afro","Total","Total","0.0163066838598754","607","0.0656449264802761","4.02564537611499","37224","1"
"year","2010","country","BRB","BRB-IPUMS","corres_ch_PHC","Total","Total","men","Total","Total","Otro","Total","Total","0.0260214007782101","107","0.248263852320553","9.54075664244968","4112","1"
"year","2010","country","BRB","BRB-IPUMS","corres_ch_PHC","Total","Total","women","Total","Total","Afro","Total","Total","0.0161410124557193","565","0.067355486504704","4.17294061877992","35004","1"
"year","2010","country","BRB","BRB-IPUMS","corres_ch_PHC","Total","Total","women","Total","Total","Otro","Total","Total","0.0318006016330039","74","0.363749060925768","11.4384333077603","2327","1"
"year","2010","country","BRB","BRB-IPUMS","corres_ch_PHC","Total","Total","Total","Total","Total","Afro","Total","Total","0.0162263941961566","1172","0.0470116830710987","2.89723536250795","72228","1"
"year","2010","country","BRB","BRB-IPUMS","corres_ch_PHC","Total","Total","Total","Total","Total","Otro","Total","Total","0.0281099549619506","181","0.20598207519976","7.32772697354284","6439","1"
"year","2010","country","BRB","BRB-IPUMS","corres_ch_PHC","Total","Total","men","Total","Total","Total","Total","Total","0.0172730791561835","714","0.0640821514455468","3.70994371450017","41336","1"
"year","2010","country","BRB","BRB-IPUMS","corres_ch_PHC","Total","Total","women","Total","Total","Total","Total","Total","0.0171171412498995","639","0.0671323246205222","3.92193554054572","37331","1"
"year","2010","country","BRB","BRB-IPUMS","corres_ch_PHC","Total","Total","Total","Total","Total","Total","Total","Total","0.0171990796649167","1353","0.0463541996614604","2.69515582022772","78667","1"
"year","2010",NA,"BRB","BRB-IPUMS","depen_ch_PHC","Total","Total","men","Total","Total","Afro","Total","Total","0.63872770255749","37224","0.248982899739435","75.2082161384786","23776","1"
"year","2010",NA,"BRB","BRB-IPUMS","depen_ch_PHC","Total","Total","men","Total","Total","Otro","Total","Total","0.597762645914397","4112","0.764771768314469","82.0407511314305","2458","1"
"year","2010",NA,"BRB","BRB-IPUMS","depen_ch_PHC","Total","Total","women","Total","Total","Afro","Total","Total","0.63527025482802","35004","0.257283667625041","75.7726602291941","22237","1"
"year","2010",NA,"BRB","BRB-IPUMS","depen_ch_PHC","Total","Total","women","Total","Total","Otro","Total","Total","0.527288354103997","2327","1.0351836058027","94.7037982986259","1227","1"
"year","2010",NA,"BRB","BRB-IPUMS","depen_ch_PHC","Total","Total","Total","Total","Total","Afro","Total","Total","0.637052112754057","72228","0.178920386753276","75.4810030182526","46013","1"
"year","2010",NA,"BRB","BRB-IPUMS","depen_ch_PHC","Total","Total","Total","Total","Total","Otro","Total","Total","0.572293834446343","6439","0.616604660284503","86.4563602766944","3685","1"
"year","2010",NA,"BRB","BRB-IPUMS","depen_ch_PHC","Total","Total","men","Total","Total","Total","Total","Total","0.634652603057867","41336","0.236843827333464","75.8735193701735","26234","1"
"year","2010",NA,"BRB","BRB-IPUMS","depen_ch_PHC","Total","Total","women","Total","Total","Total","Total","Total","0.628539283705232","37331","0.250088466824898","76.8769331448375","23464","1"
"year","2010",NA,"BRB","BRB-IPUMS","depen_ch_PHC","Total","Total","Total","Total","Total","Total","Total","Total","0.631751560374744","78667","0.171968968140942","76.348420426924","49698","1"
"year","2010","country","BRB","BRB-IPUMS","depen_ch_PHC","Total","Total","men","Total","Total","Afro","Total","Total","0.63872770255749","37224","0.248982899739435","75.2082161384786","23776","1"
"year","2010","country","BRB","BRB-IPUMS","depen_ch_PHC","Total","Total","men","Total","Total","Otro","Total","Total","0.597762645914397","4112","0.764771768314469","82.0407511314305","2458","1"
"year","2010","country","BRB","BRB-IPUMS","depen_ch_PHC","Total","Total","women","Total","Total","Afro","Total","Total","0.63527025482802","35004","0.257283667625041","75.7726602291941","22237","1"
"year","2010","country","BRB","BRB-IPUMS","depen_ch_PHC","Total","Total","women","Total","Total","Otro","Total","Total","0.527288354103997","2327","1.0351836058027","94.7037982986259","1227","1"
"year","2010","country","BRB","BRB-IPUMS","depen_ch_PHC","Total","Total","Total","Total","Total","Afro","Total","Total","0.637052112754057","72228","0.178920386753276","75.4810030182526","46013","1"
"year","2010","country","BRB","BRB-IPUMS","depen_ch_PHC","Total","Total","Total","Total","Total","Otro","Total","Total","0.572293834446343","6439","0.616604660284503","86.4563602766944","3685","1"
"year","2010","country","BRB","BRB-IPUMS","depen_ch_PHC","Total","Total","men","Total","Total","Total","Total","Total","0.634652603057867","41336","0.236843827333464","75.8735193701735","26234","1"
"year","2010","country","BRB","BRB-IPUMS","depen_ch_PHC","Total","Total","women","Total","Total","Total","Total","Total","0.628539283705232","37331","0.250088466824898","76.8769331448375","23464","1"
"year","2010","country","BRB","BRB-IPUMS","depen_ch_PHC","Total","Total","Total","Total","Total","Total","Total","Total","0.631751560374744","78667","0.171968968140942","76.348420426924","49698","1"
"year","2010",NA,"BRB","BRB-IPUMS","jefa_ch_PHC","Total","Total","women","Total","Total","Afro","Total","Total","0.999771454690892","34996","0.00807937348417682","0.0080812204091932","35004","1"
"year","2010",NA,"BRB","BRB-IPUMS","jefa_ch_PHC","Total","Total","women","Total","Total","Otro","Total","Total","0.998710786420284","2324","0.0743847853793168","0.0744808070471902","2327","1"
"year","2010",NA,"BRB","BRB-IPUMS","jefa_ch_PHC","Total","Total","Total","Total","Total","Afro","Total","Total","0.484521238300936","34996","0.185955489228252","0.383792235569156","72228","1"
"year","2010",NA,"BRB","BRB-IPUMS","jefa_ch_PHC","Total","Total","Total","Total","Total","Otro","Total","Total","0.360925609566703","2324","0.598515420076179","1.65827916947957","6439","1"
"year","2010",NA,"BRB","BRB-IPUMS","jefa_ch_PHC","Total","Total","women","Total","Total","Total","Total","Total","0.999705338726528","37320","0.00888306263939358","0.00888568090544485","37331","1"
"year","2010",NA,"BRB","BRB-IPUMS","jefa_ch_PHC","Total","Total","Total","Total","Total","Total","Total","Total","0.474404769471316","37320","0.178034404751787","0.375279542299271","78667","1"
"year","2010","country","BRB","BRB-IPUMS","jefa_ch_PHC","Total","Total","women","Total","Total","Afro","Total","Total","0.999771454690892","34996","0.00807937348417682","0.0080812204091932","35004","1"
"year","2010","country","BRB","BRB-IPUMS","jefa_ch_PHC","Total","Total","women","Total","Total","Otro","Total","Total","0.998710786420284","2324","0.0743847853793168","0.0744808070471902","2327","1"
"year","2010","country","BRB","BRB-IPUMS","jefa_ch_PHC","Total","Total","Total","Total","Total","Afro","Total","Total","0.484521238300936","34996","0.185955489228252","0.383792235569156","72228","1"
"year","2010","country","BRB","BRB-IPUMS","jefa_ch_PHC","Total","Total","Total","Total","Total","Otro","Total","Total","0.360925609566703","2324","0.598515420076179","1.65827916947957","6439","1"
"year","2010","country","BRB","BRB-IPUMS","jefa_ch_PHC","Total","Total","women","Total","Total","Total","Total","Total","0.999705338726528","37320","0.00888306263939358","0.00888568090544485","37331","1"
"year","2010","country","BRB","BRB-IPUMS","jefa_ch_PHC","Total","Total","Total","Total","Total","Total","Total","Total","0.474404769471316","37320","0.178034404751787","0.375279542299271","78667","1"
"year","2010",NA,"BRB","BRB-IPUMS","jefaecon_ch_PHC","Total","Total","men","Total","Total","Afro","Total","Total","2.11156150863588","47924","NaN","NaN","22696","NA"
"year","2010",NA,"BRB","BRB-IPUMS","jefaecon_ch_PHC","Total","Total","men","Total","Total","Otro","Total","Total","1.26834381551363","3025","NaN","NaN","2385","NA"
"year","2010",NA,"BRB","BRB-IPUMS","jefaecon_ch_PHC","Total","Total","women","Total","Total","Afro","Total","Total","3.44676756644302","66271","NaN","NaN","19227","NA"
"year","2010",NA,"BRB","BRB-IPUMS","jefaecon_ch_PHC","Total","Total","women","Total","Total","Otro","Total","Total","3.86437440305635","4046","NaN","NaN","1047","NA"
"year","2010",NA,"BRB","BRB-IPUMS","jefaecon_ch_PHC","Total","Total","Total","Total","Total","Afro","Total","Total","2.72392242921547","114195","NaN","NaN","41923","NA"
"year","2010",NA,"BRB","BRB-IPUMS","jefaecon_ch_PHC","Total","Total","Total","Total","Total","Otro","Total","Total","2.06031468531469","7071","NaN","NaN","3432","NA"
"year","2010",NA,"BRB","BRB-IPUMS","jefaecon_ch_PHC","Total","Total","men","Total","Total","Total","Total","Total","2.0313783341972","50949","NaN","NaN","25081","NA"
"year","2010",NA,"BRB","BRB-IPUMS","jefaecon_ch_PHC","Total","Total","women","Total","Total","Total","Total","Total","3.46833382657591","70317","NaN","NaN","20274","NA"
"year","2010",NA,"BRB","BRB-IPUMS","jefaecon_ch_PHC","Total","Total","Total","Total","Total","Total","Total","Total","2.67370741924815","121266","NaN","NaN","45355","NA"
"year","2010","country","BRB","BRB-IPUMS","jefaecon_ch_PHC","Total","Total","men","Total","Total","Afro","Total","Total","2.11156150863588","47924","NaN","NaN","22696","NA"
"year","2010","country","BRB","BRB-IPUMS","jefaecon_ch_PHC","Total","Total","men","Total","Total","Otro","Total","Total","1.26834381551363","3025","NaN","NaN","2385","NA"
"year","2010","country","BRB","BRB-IPUMS","jefaecon_ch_PHC","Total","Total","women","Total","Total","Afro","Total","Total","3.44676756644302","66271","NaN","NaN","19227","NA"
"year","2010","country","BRB","BRB-IPUMS","jefaecon_ch_PHC","Total","Total","women","Total","Total","Otro","Total","Total","3.86437440305635","4046","NaN","NaN","1047","NA"
"year","2010","country","BRB","BRB-IPUMS","jefaecon_ch_PHC","Total","Total","Total","Total","Total","Afro","Total","Total","2.72392242921547","114195","NaN","NaN","41923","NA"
"year","2010","country","BRB","BRB-IPUMS","jefaecon_ch_PHC","Total","Total","Total","Total","Total","Otro","Total","Total","2.06031468531469","7071","NaN","NaN","3432","NA"
"year","2010","country","BRB","BRB-IPUMS","jefaecon_ch_PHC","Total","Total","men","Total","Total","Total","Total","Total","2.0313783341972","50949","NaN","NaN","25081","NA"
"year","2010","country","BRB","BRB-IPUMS","jefaecon_ch_PHC","Total","Total","women","Total","Total","Total","Total","Total","3.46833382657591","70317","NaN","NaN","20274","NA"
"year","2010","country","BRB","BRB-IPUMS","jefaecon_ch_PHC","Total","Total","Total","Total","Total","Total","Total","Total","2.67370741924815","121266","NaN","NaN","45355","NA"
"year","2010",NA,"BRB","BRB-IPUMS","miembro6_ch_PHC","Total","Total","men","Total","Total","Afro","Total","Total","0.0606816292601829","2044","0.130083794039958","2.14370964698725","33684","1"
"year","2010",NA,"BRB","BRB-IPUMS","miembro6_ch_PHC","Total","Total","men","Total","Total","Otro","Total","Total","0.0364406779661017","129","0.314942174566291","8.64259920902844","3540","1"
"year","2010",NA,"BRB","BRB-IPUMS","miembro6_ch_PHC","Total","Total","women","Total","Total","Afro","Total","Total","0.12989069680785","4183","0.187335904006389","1.4422580570456","32204","1"
"year","2010",NA,"BRB","BRB-IPUMS","miembro6_ch_PHC","Total","Total","women","Total","Total","Otro","Total","Total","0.0649049605934168","140","0.530446696772403","8.17266803527195","2157","1"
"year","2010",NA,"BRB","BRB-IPUMS","miembro6_ch_PHC","Total","Total","Total","Total","Total","Afro","Total","Total","0.0945088635259835","6227","0.113965974831477","1.20587604780735","65888","1"
"year","2010",NA,"BRB","BRB-IPUMS","miembro6_ch_PHC","Total","Total","Total","Total","Total","Otro","Total","Total","0.0472178339476918","269","0.281013206381393","5.95142095447879","5697","1"
"year","2010",NA,"BRB","BRB-IPUMS","miembro6_ch_PHC","Total","Total","men","Total","Total","Total","Total","Total","0.0583763163550398","2173","0.121519370271297","2.08165533317016","37224","1"
"year","2010",NA,"BRB","BRB-IPUMS","miembro6_ch_PHC","Total","Total","women","Total","Total","Total","Total","Total","0.125811239486627","4323","0.178907864750476","1.42203403670856","34361","1"
"year","2010",NA,"BRB","BRB-IPUMS","miembro6_ch_PHC","Total","Total","Total","Total","Total","Total","Total","Total","0.0907452678633792","6496","0.107360311723288","1.18309543022038","71585","1"
"year","2010","country","BRB","BRB-IPUMS","miembro6_ch_PHC","Total","Total","men","Total","Total","Afro","Total","Total","0.0606816292601829","2044","0.130083794039958","2.14370964698725","33684","1"
"year","2010","country","BRB","BRB-IPUMS","miembro6_ch_PHC","Total","Total","men","Total","Total","Otro","Total","Total","0.0364406779661017","129","0.314942174566291","8.64259920902844","3540","1"
"year","2010","country","BRB","BRB-IPUMS","miembro6_ch_PHC","Total","Total","women","Total","Total","Afro","Total","Total","0.12989069680785","4183","0.187335904006389","1.4422580570456","32204","1"
"year","2010","country","BRB","BRB-IPUMS","miembro6_ch_PHC","Total","Total","women","Total","Total","Otro","Total","Total","0.0649049605934168","140","0.530446696772403","8.17266803527195","2157","1"
"year","2010","country","BRB","BRB-IPUMS","miembro6_ch_PHC","Total","Total","Total","Total","Total","Afro","Total","Total","0.0945088635259835","6227","0.113965974831477","1.20587604780735","65888","1"
"year","2010","country","BRB","BRB-IPUMS","miembro6_ch_PHC","Total","Total","Total","Total","Total","Otro","Total","Total","0.0472178339476918","269","0.281013206381393","5.95142095447879","5697","1"
"year","2010","country","BRB","BRB-IPUMS","miembro6_ch_PHC","Total","Total","men","Total","Total","Total","Total","Total","0.0583763163550398","2173","0.121519370271297","2.08165533317016","37224","1"
"year","2010","country","BRB","BRB-IPUMS","miembro6_ch_PHC","Total","Total","women","Total","Total","Total","Total","Total","0.125811239486627","4323","0.178907864750476","1.42203403670856","34361","1"
"year","2010","country","BRB","BRB-IPUMS","miembro6_ch_PHC","Total","Total","Total","Total","Total","Total","Total","Total","0.0907452678633792","6496","0.107360311723288","1.18309543022038","71585","1"
"year","2010",NA,"BRB","BRB-IPUMS","miembro65_ch_PHC","Total","Total","men","Total","Total","Afro","Total","Total","0.261972588013975","9748","0.227947239226091","0.870118667583387","37210","1"
"year","2010",NA,"BRB","BRB-IPUMS","miembro65_ch_PHC","Total","Total","men","Total","Total","Otro","Total","Total","0.268191774154295","1102","0.69111974286552","2.57696100130165","4109","1"
"year","2010",NA,"BRB","BRB-IPUMS","miembro65_ch_PHC","Total","Total","women","Total","Total","Afro","Total","Total","0.328680748617122","11468","0.25147509224894","0.765104416084564","34891","1"
"year","2010",NA,"BRB","BRB-IPUMS","miembro65_ch_PHC","Total","Total","women","Total","Total","Otro","Total","Total","0.357327586206897","829","0.994910718448129","2.7843098513868","2320","1"
"year","2010",NA,"BRB","BRB-IPUMS","miembro65_ch_PHC","Total","Total","Total","Total","Total","Afro","Total","Total","0.294253893843359","21216","0.169712843692951","0.576756492416358","72101","1"
"year","2010",NA,"BRB","BRB-IPUMS","miembro65_ch_PHC","Total","Total","Total","Total","Total","Otro","Total","Total","0.300357753927516","1931","0.571723078829501","1.9034736788166","6429","1"
"year","2010",NA,"BRB","BRB-IPUMS","miembro65_ch_PHC","Total","Total","men","Total","Total","Total","Total","Total","0.262591059802996","10850","0.216480741183608","0.824402557139676","41319","1"
"year","2010",NA,"BRB","BRB-IPUMS","miembro65_ch_PHC","Total","Total","women","Total","Total","Total","Total","Total","0.330466797452366","12297","0.243845252508599","0.737881246734772","37211","1"
"year","2010",NA,"BRB","BRB-IPUMS","miembro65_ch_PHC","Total","Total","Total","Total","Total","Total","Total","Total","0.294753597351331","23147","0.162697993946299","0.551979671862569","78530","1"
"year","2010","country","BRB","BRB-IPUMS","miembro65_ch_PHC","Total","Total","men","Total","Total","Afro","Total","Total","0.261972588013975","9748","0.227947239226091","0.870118667583387","37210","1"
"year","2010","country","BRB","BRB-IPUMS","miembro65_ch_PHC","Total","Total","men","Total","Total","Otro","Total","Total","0.268191774154295","1102","0.69111974286552","2.57696100130165","4109","1"
"year","2010","country","BRB","BRB-IPUMS","miembro65_ch_PHC","Total","Total","women","Total","Total","Afro","Total","Total","0.328680748617122","11468","0.25147509224894","0.765104416084564","34891","1"
"year","2010","country","BRB","BRB-IPUMS","miembro65_ch_PHC","Total","Total","women","Total","Total","Otro","Total","Total","0.357327586206897","829","0.994910718448129","2.7843098513868","2320","1"
"year","2010","country","BRB","BRB-IPUMS","miembro65_ch_PHC","Total","Total","Total","Total","Total","Afro","Total","Total","0.294253893843359","21216","0.169712843692951","0.576756492416358","72101","1"
"year","2010","country","BRB","BRB-IPUMS","miembro65_ch_PHC","Total","Total","Total","Total","Total","Otro","Total","Total","0.300357753927516","1931","0.571723078829501","1.9034736788166","6429","1"
"year","2010","country","BRB","BRB-IPUMS","miembro65_ch_PHC","Total","Total","men","Total","Total","Total","Total","Total","0.262591059802996","10850","0.216480741183608","0.824402557139676","41319","1"
"year","2010","country","BRB","BRB-IPUMS","miembro65_ch_PHC","Total","Total","women","Total","Total","Total","Total","Total","0.330466797452366","12297","0.243845252508599","0.737881246734772","37211","1"
"year","2010","country","BRB","BRB-IPUMS","miembro65_ch_PHC","Total","Total","Total","Total","Total","Total","Total","Total","0.294753597351331","23147","0.162697993946299","0.551979671862569","78530","1"
"year","2010",NA,"BRB","BRB-IPUMS","miembro6y16_ch_PHC","Total","Total","men","Total","Total","Afro","Total","Total","0.0793039931583448","2411","0.154972479022842","1.95415732362192","30402","1"
"year","2010",NA,"BRB","BRB-IPUMS","miembro6y16_ch_PHC","Total","Total","men","Total","Total","Otro","Total","Total","0.0478260869565217","154","0.376064750780161","7.863172061767","3220","1"
"year","2010",NA,"BRB","BRB-IPUMS","miembro6y16_ch_PHC","Total","Total","women","Total","Total","Afro","Total","Total","0.174896749865326","4870","0.22765196708754","1.30163634980545","27845","1"
"year","2010",NA,"BRB","BRB-IPUMS","miembro6y16_ch_PHC","Total","Total","women","Total","Total","Otro","Total","Total","0.0650490449148167","126","0.560337988342386","8.61408478904128","1937","1"
"year","2010",NA,"BRB","BRB-IPUMS","miembro6y16_ch_PHC","Total","Total","Total","Total","Total","Afro","Total","Total","0.125002146033272","7281","0.137033088915091","1.09624589067948","58247","1"
"year","2010",NA,"BRB","BRB-IPUMS","miembro6y16_ch_PHC","Total","Total","Total","Total","Total","Otro","Total","Total","0.0542951328291642","280","0.315543832731191","5.81164123355269","5157","1"
"year","2010",NA,"BRB","BRB-IPUMS","miembro6y16_ch_PHC","Total","Total","men","Total","Total","Total","Total","Total","0.0762893343644043","2565","0.144773182023237","1.89768574112486","33622","1"
"year","2010",NA,"BRB","BRB-IPUMS","miembro6y16_ch_PHC","Total","Total","women","Total","Total","Total","Total","Total","0.167752333624337","4996","0.216512835959188","1.29066959178073","29782","1"
"year","2010",NA,"BRB","BRB-IPUMS","miembro6y16_ch_PHC","Total","Total","Total","Total","Total","Total","Total","Total","0.119251151346918","7561","0.128706062393005","1.0792857002997","63404","1"
"year","2010","country","BRB","BRB-IPUMS","miembro6y16_ch_PHC","Total","Total","men","Total","Total","Afro","Total","Total","0.0793039931583448","2411","0.154972479022842","1.95415732362192","30402","1"
"year","2010","country","BRB","BRB-IPUMS","miembro6y16_ch_PHC","Total","Total","men","Total","Total","Otro","Total","Total","0.0478260869565217","154","0.376064750780161","7.863172061767","3220","1"
"year","2010","country","BRB","BRB-IPUMS","miembro6y16_ch_PHC","Total","Total","women","Total","Total","Afro","Total","Total","0.174896749865326","4870","0.22765196708754","1.30163634980545","27845","1"
"year","2010","country","BRB","BRB-IPUMS","miembro6y16_ch_PHC","Total","Total","women","Total","Total","Otro","Total","Total","0.0650490449148167","126","0.560337988342386","8.61408478904128","1937","1"
"year","2010","country","BRB","BRB-IPUMS","miembro6y16_ch_PHC","Total","Total","Total","Total","Total","Afro","Total","Total","0.125002146033272","7281","0.137033088915091","1.09624589067948","58247","1"
"year","2010","country","BRB","BRB-IPUMS","miembro6y16_ch_PHC","Total","Total","Total","Total","Total","Otro","Total","Total","0.0542951328291642","280","0.315543832731191","5.81164123355269","5157","1"
"year","2010","country","BRB","BRB-IPUMS","miembro6y16_ch_PHC","Total","Total","men","Total","Total","Total","Total","Total","0.0762893343644043","2565","0.144773182023237","1.89768574112486","33622","1"
"year","2010","country","BRB","BRB-IPUMS","miembro6y16_ch_PHC","Total","Total","women","Total","Total","Total","Total","Total","0.167752333624337","4996","0.216512835959188","1.29066959178073","29782","1"
"year","2010","country","BRB","BRB-IPUMS","miembro6y16_ch_PHC","Total","Total","Total","Total","Total","Total","Total","Total","0.119251151346918","7561","0.128706062393005","1.0792857002997","63404","1"
"year","2010",NA,"BRB","BRB-IPUMS","nucl_ch_PHC","Total","Total","men","Total","Total","Afro","Total","Total","0.42620352460778","15865","0.256316129741158","0.601393735485967","37224","1"
"year","2010",NA,"BRB","BRB-IPUMS","nucl_ch_PHC","Total","Total","men","Total","Total","Otro","Total","Total","0.601653696498054","2474","0.763443914045872","1.26890920556048","4112","1"
"year","2010",NA,"BRB","BRB-IPUMS","nucl_ch_PHC","Total","Total","women","Total","Total","Afro","Total","Total","0.127699691463833","4470","0.178389422451843","1.39694481957591","35004","1"
"year","2010",NA,"BRB","BRB-IPUMS","nucl_ch_PHC","Total","Total","women","Total","Total","Otro","Total","Total","0.177911474000859","414","0.792798976205535","4.4561430377543","2327","1"
"year","2010",NA,"BRB","BRB-IPUMS","nucl_ch_PHC","Total","Total","Total","Total","Total","Afro","Total","Total","0.281539015340311","20335","0.167347062552836","0.594400965530673","72228","1"
"year","2010",NA,"BRB","BRB-IPUMS","nucl_ch_PHC","Total","Total","Total","Total","Total","Otro","Total","Total","0.448516850442615","2888","0.619792466244899","1.38187108384727","6439","1"
"year","2010",NA,"BRB","BRB-IPUMS","nucl_ch_PHC","Total","Total","men","Total","Total","Total","Total","Total","0.443656860847687","18339","0.244360353686238","0.550786824798208","41336","1"
"year","2010",NA,"BRB","BRB-IPUMS","nucl_ch_PHC","Total","Total","women","Total","Total","Total","Total","Total","0.130829605421767","4884","0.174530232200568","1.33402704714975","37331","1"
"year","2010",NA,"BRB","BRB-IPUMS","nucl_ch_PHC","Total","Total","Total","Total","Total","Total","Total","Total","0.295206376244168","23223","0.162628836826377","0.550898794583843","78667","1"
"year","2010","country","BRB","BRB-IPUMS","nucl_ch_PHC","Total","Total","men","Total","Total","Afro","Total","Total","0.42620352460778","15865","0.256316129741158","0.601393735485967","37224","1"
"year","2010","country","BRB","BRB-IPUMS","nucl_ch_PHC","Total","Total","men","Total","Total","Otro","Total","Total","0.601653696498054","2474","0.763443914045872","1.26890920556048","4112","1"
"year","2010","country","BRB","BRB-IPUMS","nucl_ch_PHC","Total","Total","women","Total","Total","Afro","Total","Total","0.127699691463833","4470","0.178389422451843","1.39694481957591","35004","1"
"year","2010","country","BRB","BRB-IPUMS","nucl_ch_PHC","Total","Total","women","Total","Total","Otro","Total","Total","0.177911474000859","414","0.792798976205535","4.4561430377543","2327","1"
"year","2010","country","BRB","BRB-IPUMS","nucl_ch_PHC","Total","Total","Total","Total","Total","Afro","Total","Total","0.281539015340311","20335","0.167347062552836","0.594400965530673","72228","1"
"year","2010","country","BRB","BRB-IPUMS","nucl_ch_PHC","Total","Total","Total","Total","Total","Otro","Total","Total","0.448516850442615","2888","0.619792466244899","1.38187108384727","6439","1"
"year","2010","country","BRB","BRB-IPUMS","nucl_ch_PHC","Total","Total","men","Total","Total","Total","Total","Total","0.443656860847687","18339","0.244360353686238","0.550786824798208","41336","1"
"year","2010","country","BRB","BRB-IPUMS","nucl_ch_PHC","Total","Total","women","Total","Total","Total","Total","Total","0.130829605421767","4884","0.174530232200568","1.33402704714975","37331","1"
"year","2010","country","BRB","BRB-IPUMS","nucl_ch_PHC","Total","Total","Total","Total","Total","Total","Total","Total","0.295206376244168","23223","0.162628836826377","0.550898794583843","78667","1"
"year","2010",NA,"BRB","BRB-IPUMS","pob18_ci_PHC","Total","Total","men","Total","Total","Afro","Total","Total","0.271943079586506","27175","0.140758912278531","0.517604318126269","99929","1"
"year","2010",NA,"BRB","BRB-IPUMS","pob18_ci_PHC","Total","Total","men","Total","Total","Otro","Total","Total","0.25018085362913","2075","0.475579671306483","1.90094351509203","8294","1"
"year","2010",NA,"BRB","BRB-IPUMS","pob18_ci_PHC","Total","Total","women","Total","Total","Afro","Total","Total","0.238844110642975","26077","0.129039457795928","0.540266441774724","109180","1"
"year","2010",NA,"BRB","BRB-IPUMS","pob18_ci_PHC","Total","Total","women","Total","Total","Otro","Total","Total","0.223435722411832","1964","0.444294125593123","1.9884650529346","8790","1"
"year","2010",NA,"BRB","BRB-IPUMS","pob18_ci_PHC","Total","Total","Total","Total","Total","Afro","Total","Total","0.254661444509801","53252","0.0952734803210659","0.374118196433144","209109","1"
"year","2010",NA,"BRB","BRB-IPUMS","pob18_ci_PHC","Total","Total","Total","Total","Total","Otro","Total","Total","0.236420042144697","4039","0.32506830308771","1.37496085415955","17084","1"
"year","2010",NA,"BRB","BRB-IPUMS","pob18_ci_PHC","Total","Total","men","Total","Total","Total","Total","Total","0.270275264962161","29250","0.134996621683513","0.499478269690762","108223","1"
"year","2010",NA,"BRB","BRB-IPUMS","pob18_ci_PHC","Total","Total","women","Total","Total","Total","Total","Total","0.237696024412986","28041","0.123933656064329","0.521395578114509","117970","1"
"year","2010",NA,"BRB","BRB-IPUMS","pob18_ci_PHC","Total","Total","Total","Total","Total","Total","Total","Total","0.253283700202924","57291","0.0914411873087065","0.361022786841183","226193","1"
"year","2010","country","BRB","BRB-IPUMS","pob18_ci_PHC","Total","Total","men","Total","Total","Afro","Total","Total","0.271943079586506","27175","0.140758912278531","0.517604318126269","99929","1"
"year","2010","country","BRB","BRB-IPUMS","pob18_ci_PHC","Total","Total","men","Total","Total","Otro","Total","Total","0.25018085362913","2075","0.475579671306483","1.90094351509203","8294","1"
"year","2010","country","BRB","BRB-IPUMS","pob18_ci_PHC","Total","Total","women","Total","Total","Afro","Total","Total","0.238844110642975","26077","0.129039457795928","0.540266441774724","109180","1"
"year","2010","country","BRB","BRB-IPUMS","pob18_ci_PHC","Total","Total","women","Total","Total","Otro","Total","Total","0.223435722411832","1964","0.444294125593123","1.9884650529346","8790","1"
"year","2010","country","BRB","BRB-IPUMS","pob18_ci_PHC","Total","Total","Total","Total","Total","Afro","Total","Total","0.254661444509801","53252","0.0952734803210659","0.374118196433144","209109","1"
"year","2010","country","BRB","BRB-IPUMS","pob18_ci_PHC","Total","Total","Total","Total","Total","Otro","Total","Total","0.236420042144697","4039","0.32506830308771","1.37496085415955","17084","1"
"year","2010","country","BRB","BRB-IPUMS","pob18_ci_PHC","Total","Total","men","Total","Total","Total","Total","Total","0.270275264962161","29250","0.134996621683513","0.499478269690762","108223","1"
"year","2010","country","BRB","BRB-IPUMS","pob18_ci_PHC","Total","Total","women","Total","Total","Total","Total","Total","0.237696024412986","28041","0.123933656064329","0.521395578114509","117970","1"
"year","2010","country","BRB","BRB-IPUMS","pob18_ci_PHC","Total","Total","Total","Total","Total","Total","Total","Total","0.253283700202924","57291","0.0914411873087065","0.361022786841183","226193","1"
"year","2010",NA,"BRB","BRB-IPUMS","pob65_ci_PHC","Total","Total","men","Total","Total","Afro","Total","Total","0.107856578170501","10778","0.0981284382672366","0.909804853183029","99929","1"
"year","2010",NA,"BRB","BRB-IPUMS","pob65_ci_PHC","Total","Total","men","Total","Total","Otro","Total","Total","0.133711116469737","1109","0.373708617696494","2.79489564939109","8294","1"
"year","2010",NA,"BRB","BRB-IPUMS","pob65_ci_PHC","Total","Total","women","Total","Total","Afro","Total","Total","0.139989008976003","15284","0.105009218247782","0.750124734905318","109180","1"
"year","2010",NA,"BRB","BRB-IPUMS","pob65_ci_PHC","Total","Total","women","Total","Total","Otro","Total","Total","0.162912400455063","1432","0.393883771877713","2.41776421424937","8790","1"
"year","2010",NA,"BRB","BRB-IPUMS","pob65_ci_PHC","Total","Total","Total","Total","Total","Afro","Total","Total","0.124633564313349","26062","0.0722314096066568","0.579550219915525","209109","1"
"year","2010",NA,"BRB","BRB-IPUMS","pob65_ci_PHC","Total","Total","Total","Total","Total","Otro","Total","Total","0.14873565909623","2541","0.272235646123494","1.83033206547571","17084","1"
"year","2010",NA,"BRB","BRB-IPUMS","pob65_ci_PHC","Total","Total","men","Total","Total","Total","Total","Total","0.109838019644623","11887","0.0950497728494774","0.865363133430554","108223","1"
"year","2010",NA,"BRB","BRB-IPUMS","pob65_ci_PHC","Total","Total","women","Total","Total","Total","Total","Total","0.141697041620751","16716","0.101534797392416","0.716562577673083","117970","1"
"year","2010",NA,"BRB","BRB-IPUMS","pob65_ci_PHC","Total","Total","Total","Total","Total","Total","Total","Total","0.126453957461106","28603","0.0698826769160837","0.552633372012716","226193","1"
"year","2010","country","BRB","BRB-IPUMS","pob65_ci_PHC","Total","Total","men","Total","Total","Afro","Total","Total","0.107856578170501","10778","0.0981284382672366","0.909804853183029","99929","1"
"year","2010","country","BRB","BRB-IPUMS","pob65_ci_PHC","Total","Total","men","Total","Total","Otro","Total","Total","0.133711116469737","1109","0.373708617696494","2.79489564939109","8294","1"
"year","2010","country","BRB","BRB-IPUMS","pob65_ci_PHC","Total","Total","women","Total","Total","Afro","Total","Total","0.139989008976003","15284","0.105009218247782","0.750124734905318","109180","1"
"year","2010","country","BRB","BRB-IPUMS","pob65_ci_PHC","Total","Total","women","Total","Total","Otro","Total","Total","0.162912400455063","1432","0.393883771877713","2.41776421424937","8790","1"
"year","2010","country","BRB","BRB-IPUMS","pob65_ci_PHC","Total","Total","Total","Total","Total","Afro","Total","Total","0.124633564313349","26062","0.0722314096066568","0.579550219915525","209109","1"
"year","2010","country","BRB","BRB-IPUMS","pob65_ci_PHC","Total","Total","Total","Total","Total","Otro","Total","Total","0.14873565909623","2541","0.272235646123494","1.83033206547571","17084","1"
"year","2010","country","BRB","BRB-IPUMS","pob65_ci_PHC","Total","Total","men","Total","Total","Total","Total","Total","0.109838019644623","11887","0.0950497728494774","0.865363133430554","108223","1"
"year","2010","country","BRB","BRB-IPUMS","pob65_ci_PHC","Total","Total","women","Total","Total","Total","Total","Total","0.141697041620751","16716","0.101534797392416","0.716562577673083","117970","1"
"year","2010","country","BRB","BRB-IPUMS","pob65_ci_PHC","Total","Total","Total","Total","Total","Total","Total","Total","0.126453957461106","28603","0.0698826769160837","0.552633372012716","226193","1"
"year","2010",NA,"BRB","BRB-IPUMS","pobedad_ci_PHC","Total","Total","men","Total","Total","Afro","Total","Total","35.6728577289876","99929","6.95168510230751","61.602446486148","3564753","1"
"year","2010",NA,"BRB","BRB-IPUMS","pobedad_ci_PHC","Total","Total","men","Total","Total","Otro","Total","Total","37.4714251265975","8294","24.7862074973113","60.2409602445063","310788","1"
"year","2010",NA,"BRB","BRB-IPUMS","pobedad_ci_PHC","Total","Total","women","Total","Total","Afro","Total","Total","38.2161568052757","109180","6.87814397447801","59.4697067623352","4172440","1"
"year","2010",NA,"BRB","BRB-IPUMS","pobedad_ci_PHC","Total","Total","women","Total","Total","Otro","Total","Total","39.908646188851","8790","24.7873686102572","58.2314852213425","350797","1"
"year","2010",NA,"BRB","BRB-IPUMS","pobedad_ci_PHC","Total","Total","Total","Total","Total","Afro","Total","Total","37.0007651511891","209109","4.90000625550381","60.5581071345137","7737193","1"
"year","2010",NA,"BRB","BRB-IPUMS","pobedad_ci_PHC","Total","Total","Total","Total","Total","Otro","Total","Total","38.7254155935378","17084","17.5585533647369","59.2635176634355","661585","1"
"year","2010",NA,"BRB","BRB-IPUMS","pobedad_ci_PHC","Total","Total","men","Total","Total","Total","Total","Total","35.8106964323665","108223","6.69564227809644","61.5090840964732","3875541","1"
"year","2010",NA,"BRB","BRB-IPUMS","pobedad_ci_PHC","Total","Total","women","Total","Total","Total","Total","Total","38.3422649826227","117970","6.62940182109295","59.3857668229456","4523237","1"
"year","2010",NA,"BRB","BRB-IPUMS","pobedad_ci_PHC","Total","Total","Total","Total","Total","Total","Total","Total","37.1310252748759","226193","4.72101146840237","60.469683358571","8398778","1"
"year","2010","country","BRB","BRB-IPUMS","pobedad_ci_PHC","Total","Total","men","Total","Total","Afro","Total","Total","35.6728577289876","99929","6.95168510230751","61.602446486148","3564753","1"
"year","2010","country","BRB","BRB-IPUMS","pobedad_ci_PHC","Total","Total","men","Total","Total","Otro","Total","Total","37.4714251265975","8294","24.7862074973113","60.2409602445063","310788","1"
"year","2010","country","BRB","BRB-IPUMS","pobedad_ci_PHC","Total","Total","women","Total","Total","Afro","Total","Total","38.2161568052757","109180","6.87814397447801","59.4697067623352","4172440","1"
"year","2010","country","BRB","BRB-IPUMS","pobedad_ci_PHC","Total","Total","women","Total","Total","Otro","Total","Total","39.908646188851","8790","24.7873686102572","58.2314852213425","350797","1"
"year","2010","country","BRB","BRB-IPUMS","pobedad_ci_PHC","Total","Total","Total","Total","Total","Afro","Total","Total","37.0007651511891","209109","4.90000625550381","60.5581071345137","7737193","1"
"year","2010","country","BRB","BRB-IPUMS","pobedad_ci_PHC","Total","Total","Total","Total","Total","Otro","Total","Total","38.7254155935378","17084","17.5585533647369","59.2635176634355","661585","1"
"year","2010","country","BRB","BRB-IPUMS","pobedad_ci_PHC","Total","Total","men","Total","Total","Total","Total","Total","35.8106964323665","108223","6.69564227809644","61.5090840964732","3875541","1"
"year","2010","country","BRB","BRB-IPUMS","pobedad_ci_PHC","Total","Total","women","Total","Total","Total","Total","Total","38.3422649826227","117970","6.62940182109295","59.3857668229456","4523237","1"
"year","2010","country","BRB","BRB-IPUMS","pobedad_ci_PHC","Total","Total","Total","Total","Total","Total","Total","Total","37.1310252748759","226193","4.72101146840237","60.469683358571","8398778","1"
"year","2010",NA,"BRB","BRB-IPUMS","pobfem_ci_PHC","Total","Total","women","Total","Total","Afro","Total","Total","1","109180","0","0","109180","1"
"year","2010",NA,"BRB","BRB-IPUMS","pobfem_ci_PHC","Total","Total","women","Total","Total","Otro","Total","Total","1","8790","0","0","8790","1"
"year","2010",NA,"BRB","BRB-IPUMS","pobfem_ci_PHC","Total","Total","Total","Total","Total","Afro","Total","Total","0.522120042657179","109180","0.109234098281299","0.209212612726728","209109","1"
"year","2010",NA,"BRB","BRB-IPUMS","pobfem_ci_PHC","Total","Total","Total","Total","Total","Otro","Total","Total","0.51451650667291","8790","0.382377305842877","0.743177917294619","17084","1"
"year","2010",NA,"BRB","BRB-IPUMS","pobfem_ci_PHC","Total","Total","women","Total","Total","Total","Total","Total","1","117970","0","0","117970","1"
"year","2010",NA,"BRB","BRB-IPUMS","pobfem_ci_PHC","Total","Total","Total","Total","Total","Total","Total","Total","0.521545759594682","117970","0.105033257044888","0.201388382730816","226193","1"
"year","2010","country","BRB","BRB-IPUMS","pobfem_ci_PHC","Total","Total","women","Total","Total","Afro","Total","Total","1","109180","0","0","109180","1"
"year","2010","country","BRB","BRB-IPUMS","pobfem_ci_PHC","Total","Total","women","Total","Total","Otro","Total","Total","1","8790","0","0","8790","1"
"year","2010","country","BRB","BRB-IPUMS","pobfem_ci_PHC","Total","Total","Total","Total","Total","Afro","Total","Total","0.522120042657179","109180","0.109234098281299","0.209212612726728","209109","1"
"year","2010","country","BRB","BRB-IPUMS","pobfem_ci_PHC","Total","Total","Total","Total","Total","Otro","Total","Total","0.51451650667291","8790","0.382377305842877","0.743177917294619","17084","1"
"year","2010","country","BRB","BRB-IPUMS","pobfem_ci_PHC","Total","Total","women","Total","Total","Total","Total","Total","1","117970","0","0","117970","1"
"year","2010","country","BRB","BRB-IPUMS","pobfem_ci_PHC","Total","Total","Total","Total","Total","Total","Total","Total","0.521545759594682","117970","0.105033257044888","0.201388382730816","226193","1"
"year","2010",NA,"BRB","BRB-IPUMS","tamh_ch_PHC","Total","Total","men","Total","Total","Afro","Total","Total","1.93821190629701","37224","0.548829718663157","54.63209849526","72148","1"
"year","2010",NA,"BRB","BRB-IPUMS","tamh_ch_PHC","Total","Total","men","Total","Total","Otro","Total","Total","2.03477626459144","4112","1.61810514126692","50.9937121105658","8367","1"
"year","2010",NA,"BRB","BRB-IPUMS","tamh_ch_PHC","Total","Total","women","Total","Total","Afro","Total","Total","1.96717517997943","35004","0.757682926248211","72.0615007112469","68859","1"
"year","2010",NA,"BRB","BRB-IPUMS","tamh_ch_PHC","Total","Total","women","Total","Total","Otro","Total","Total","1.6613665663945","2327","2.1202252709177","61.5622850954412","3866","1"
"year","2010",NA,"BRB","BRB-IPUMS","tamh_ch_PHC","Total","Total","Total","Total","Total","Afro","Total","Total","1.95224843550977","72228","0.463533836998428","63.8115293651894","141007","1"
"year","2010",NA,"BRB","BRB-IPUMS","tamh_ch_PHC","Total","Total","Total","Total","Total","Otro","Total","Total","1.89982916601957","6439","1.30561189133681","55.145332395011","12233","1"
"year","2010",NA,"BRB","BRB-IPUMS","tamh_ch_PHC","Total","Total","men","Total","Total","Total","Total","Total","1.94781788271724","41336","0.519973336551293","54.2746397861543","80515","1"
"year","2010",NA,"BRB","BRB-IPUMS","tamh_ch_PHC","Total","Total","women","Total","Total","Total","Total","Total","1.94811282848035","37331","0.723648543296133","71.7709009188827","72725","1"
"year","2010",NA,"BRB","BRB-IPUMS","tamh_ch_PHC","Total","Total","Total","Total","Total","Total","Total","Total","1.94795784763624","78667","0.438832715824821","63.1852541955703","153240","1"
"year","2010","country","BRB","BRB-IPUMS","tamh_ch_PHC","Total","Total","men","Total","Total","Afro","Total","Total","1.93821190629701","37224","0.548829718663157","54.63209849526","72148","1"
"year","2010","country","BRB","BRB-IPUMS","tamh_ch_PHC","Total","Total","men","Total","Total","Otro","Total","Total","2.03477626459144","4112","1.61810514126692","50.9937121105658","8367","1"
"year","2010","country","BRB","BRB-IPUMS","tamh_ch_PHC","Total","Total","women","Total","Total","Afro","Total","Total","1.96717517997943","35004","0.757682926248211","72.0615007112469","68859","1"
"year","2010","country","BRB","BRB-IPUMS","tamh_ch_PHC","Total","Total","women","Total","Total","Otro","Total","Total","1.6613665663945","2327","2.1202252709177","61.5622850954412","3866","1"
"year","2010","country","BRB","BRB-IPUMS","tamh_ch_PHC","Total","Total","Total","Total","Total","Afro","Total","Total","1.95224843550977","72228","0.463533836998428","63.8115293651894","141007","1"
"year","2010","country","BRB","BRB-IPUMS","tamh_ch_PHC","Total","Total","Total","Total","Total","Otro","Total","Total","1.89982916601957","6439","1.30561189133681","55.145332395011","12233","1"
"year","2010","country","BRB","BRB-IPUMS","tamh_ch_PHC","Total","Total","men","Total","Total","Total","Total","Total","1.94781788271724","41336","0.519973336551293","54.2746397861543","80515","1"
"year","2010","country","BRB","BRB-IPUMS","tamh_ch_PHC","Total","Total","women","Total","Total","Total","Total","Total","1.94811282848035","37331","0.723648543296133","71.7709009188827","72725","1"
"year","2010","country","BRB","BRB-IPUMS","tamh_ch_PHC","Total","Total","Total","Total","Total","Total","Total","Total","1.94795784763624","78667","0.438832715824821","63.1852541955703","153240","1"
"year","2010",NA,"BRB","BRB-IPUMS","union_ci_PHC","Total","Total","men","Total","Total","Afro","Total","Total","0.243174720959713","23595","0.137722928932347","0.566353806797065","97029","1"
"year","2010",NA,"BRB","BRB-IPUMS","union_ci_PHC","Total","Total","men","Total","Total","Otro","Total","Total","0.438283091427863","3533","0.552639147668183","1.26091824776485","8061","1"
"year","2010",NA,"BRB","BRB-IPUMS","union_ci_PHC","Total","Total","women","Total","Total","Afro","Total","Total","0.228713200751644","23369","0.131395083918621","0.574497158392271","102176","1"
"year","2010",NA,"BRB","BRB-IPUMS","union_ci_PHC","Total","Total","women","Total","Total","Otro","Total","Total","0.426921644107786","3438","0.551191155525315","1.29108271537096","8053","1"
"year","2010",NA,"BRB","BRB-IPUMS","union_ci_PHC","Total","Total","Total","Total","Total","Afro","Total","Total","0.235757134610075","46964","0.0951038287295849","0.403397457671343","199205","1"
"year","2010",NA,"BRB","BRB-IPUMS","union_ci_PHC","Total","Total","Total","Total","Total","Otro","Total","Total","0.432605188035249","6971","0.390289495257209","0.902184037666715","16114","1"
"year","2010",NA,"BRB","BRB-IPUMS","union_ci_PHC","Total","Total","men","Total","Total","Total","Total","Total","0.258140641355029","27128","0.134992079091467","0.522940046878584","105090","1"
"year","2010",NA,"BRB","BRB-IPUMS","union_ci_PHC","Total","Total","women","Total","Total","Total","Total","Total","0.243193714902612","26807","0.12921728290065","0.531334796018047","110229","1"
"year","2010",NA,"BRB","BRB-IPUMS","union_ci_PHC","Total","Total","Total","Total","Total","Total","Total","Total","0.250488809626647","53935","0.0933774582187387","0.372780957192928","215319","1"
"year","2010","country","BRB","BRB-IPUMS","union_ci_PHC","Total","Total","men","Total","Total","Afro","Total","Total","0.243174720959713","23595","0.137722928932347","0.566353806797065","97029","1"
"year","2010","country","BRB","BRB-IPUMS","union_ci_PHC","Total","Total","men","Total","Total","Otro","Total","Total","0.438283091427863","3533","0.552639147668183","1.26091824776485","8061","1"
"year","2010","country","BRB","BRB-IPUMS","union_ci_PHC","Total","Total","women","Total","Total","Afro","Total","Total","0.228713200751644","23369","0.131395083918621","0.574497158392271","102176","1"
"year","2010","country","BRB","BRB-IPUMS","union_ci_PHC","Total","Total","women","Total","Total","Otro","Total","Total","0.426921644107786","3438","0.551191155525315","1.29108271537096","8053","1"
"year","2010","country","BRB","BRB-IPUMS","union_ci_PHC","Total","Total","Total","Total","Total","Afro","Total","Total","0.235757134610075","46964","0.0951038287295849","0.403397457671343","199205","1"
"year","2010","country","BRB","BRB-IPUMS","union_ci_PHC","Total","Total","Total","Total","Total","Otro","Total","Total","0.432605188035249","6971","0.390289495257209","0.902184037666715","16114","1"
"year","2010","country","BRB","BRB-IPUMS","union_ci_PHC","Total","Total","men","Total","Total","Total","Total","Total","0.258140641355029","27128","0.134992079091467","0.522940046878584","105090","1"
"year","2010","country","BRB","BRB-IPUMS","union_ci_PHC","Total","Total","women","Total","Total","Total","Total","Total","0.243193714902612","26807","0.12921728290065","0.531334796018047","110229","1"
"year","2010","country","BRB","BRB-IPUMS","union_ci_PHC","Total","Total","Total","Total","Total","Total","Total","Total","0.250488809626647","53935","0.0933774582187387","0.372780957192928","215319","1"
"year","2010",NA,"BRB","BRB-IPUMS","unip_ch_PHC","Total","Total","men","Total","Total","Afro","Total","Total","0.352057812164195","13105","0.247550382727633","0.703152647588967","37224","1"
"year","2010",NA,"BRB","BRB-IPUMS","unip_ch_PHC","Total","Total","men","Total","Total","Otro","Total","Total","0.221060311284047","909","0.647113934864739","2.92731848202839","4112","1"
"year","2010",NA,"BRB","BRB-IPUMS","unip_ch_PHC","Total","Total","women","Total","Total","Afro","Total","Total","0.492315163981259","17233","0.267214403953237","0.542771020482743","35004","1"
"year","2010",NA,"BRB","BRB-IPUMS","unip_ch_PHC","Total","Total","women","Total","Total","Otro","Total","Total","0.566394499355393","1318","1.02732702605292","1.81380120608888","2327","1"
"year","2010",NA,"BRB","BRB-IPUMS","unip_ch_PHC","Total","Total","Total","Total","Total","Afro","Total","Total","0.420031012903583","30338","0.18364971961207","0.437228952077943","72228","1"
"year","2010",NA,"BRB","BRB-IPUMS","unip_ch_PHC","Total","Total","Total","Total","Total","Otro","Total","Total","0.345861158564995","2227","0.592756946461981","1.71385809531598","6439","1"
"year","2010",NA,"BRB","BRB-IPUMS","unip_ch_PHC","Total","Total","men","Total","Total","Total","Total","Total","0.339026514418425","14014","0.23283305001719","0.686769441666231","41336","1"
"year","2010",NA,"BRB","BRB-IPUMS","unip_ch_PHC","Total","Total","women","Total","Total","Total","Total","Total","0.496932844017037","18551","0.258777802824504","0.520750048905265","37331","1"
"year","2010",NA,"BRB","BRB-IPUMS","unip_ch_PHC","Total","Total","Total","Total","Total","Total","Total","Total","0.413960110338516","32565","0.175608907768963","0.424216979808414","78667","1"
"year","2010","country","BRB","BRB-IPUMS","unip_ch_PHC","Total","Total","men","Total","Total","Afro","Total","Total","0.352057812164195","13105","0.247550382727633","0.703152647588967","37224","1"
"year","2010","country","BRB","BRB-IPUMS","unip_ch_PHC","Total","Total","men","Total","Total","Otro","Total","Total","0.221060311284047","909","0.647113934864739","2.92731848202839","4112","1"
"year","2010","country","BRB","BRB-IPUMS","unip_ch_PHC","Total","Total","women","Total","Total","Afro","Total","Total","0.492315163981259","17233","0.267214403953237","0.542771020482743","35004","1"
"year","2010","country","BRB","BRB-IPUMS","unip_ch_PHC","Total","Total","women","Total","Total","Otro","Total","Total","0.566394499355393","1318","1.02732702605292","1.81380120608888","2327","1"
"year","2010","country","BRB","BRB-IPUMS","unip_ch_PHC","Total","Total","Total","Total","Total","Afro","Total","Total","0.420031012903583","30338","0.18364971961207","0.437228952077943","72228","1"
"year","2010","country","BRB","BRB-IPUMS","unip_ch_PHC","Total","Total","Total","Total","Total","Otro","Total","Total","0.345861158564995","2227","0.592756946461981","1.71385809531598","6439","1"
"year","2010","country","BRB","BRB-IPUMS","unip_ch_PHC","Total","Total","men","Total","Total","Total","Total","Total","0.339026514418425","14014","0.23283305001719","0.686769441666231","41336","1"
"year","2010","country","BRB","BRB-IPUMS","unip_ch_PHC","Total","Total","women","Total","Total","Total","Total","Total","0.496932844017037","18551","0.258777802824504","0.520750048905265","37331","1"
"year","2010","country","BRB","BRB-IPUMS","unip_ch_PHC","Total","Total","Total","Total","Total","Total","Total","Total","0.413960110338516","32565","0.175608907768963","0.424216979808414","78667","1"
"year","2010",NA,"BRB","BRB-IPUMS","miglac_ci_PHC","Total","Total","men","Total","Total","Afro","Total","Total","0.250311665182547","2811","0.408781321375294","1.63308937710585","11230","1"
"year","2010",NA,"BRB","BRB-IPUMS","miglac_ci_PHC","Total","Total","men","Total","Total","Otro","Total","Total","0.405217873993894","1460","0.817882884963278","2.01837810583746","3603","1"
"year","2010",NA,"BRB","BRB-IPUMS","miglac_ci_PHC","Total","Total","women","Total","Total","Afro","Total","Total","0.292602187679908","4066","0.385945283471926","1.31901024572698","13896","1"
"year","2010",NA,"BRB","BRB-IPUMS","miglac_ci_PHC","Total","Total","women","Total","Total","Otro","Total","Total","0.400146484375","1639","0.765512229286271","1.91307998240181","4096","1"
"year","2010",NA,"BRB","BRB-IPUMS","miglac_ci_PHC","Total","Total","Total","Total","Total","Afro","Total","Total","0.273700549231871","6877","0.281276866074794","1.02768104362299","25126","1"
"year","2010",NA,"BRB","BRB-IPUMS","miglac_ci_PHC","Total","Total","Total","Total","Total","Otro","Total","Total","0.402519807767242","3099","0.558905295552269","1.38851625377764","7699","1"
"year","2010",NA,"BRB","BRB-IPUMS","miglac_ci_PHC","Total","Total","men","Total","Total","Total","Total","Total","0.28793905481022","4271","0.371787147375613","1.2912008328313","14833","1"
"year","2010",NA,"BRB","BRB-IPUMS","miglac_ci_PHC","Total","Total","women","Total","Total","Total","Total","Total","0.317085371276123","5705","0.346921799054463","1.09409588231164","17992","1"
"year","2010",NA,"BRB","BRB-IPUMS","miglac_ci_PHC","Total","Total","Total","Total","Total","Total","Total","Total","0.303914699162224","9976","0.253866103319107","0.835320252751574","32825","1"
"year","2010","country","BRB","BRB-IPUMS","miglac_ci_PHC","Total","Total","men","Total","Total","Afro","Total","Total","0.250311665182547","2811","0.408781321375294","1.63308937710585","11230","1"
"year","2010","country","BRB","BRB-IPUMS","miglac_ci_PHC","Total","Total","men","Total","Total","Otro","Total","Total","0.405217873993894","1460","0.817882884963278","2.01837810583746","3603","1"
"year","2010","country","BRB","BRB-IPUMS","miglac_ci_PHC","Total","Total","women","Total","Total","Afro","Total","Total","0.292602187679908","4066","0.385945283471926","1.31901024572698","13896","1"
"year","2010","country","BRB","BRB-IPUMS","miglac_ci_PHC","Total","Total","women","Total","Total","Otro","Total","Total","0.400146484375","1639","0.765512229286271","1.91307998240181","4096","1"
"year","2010","country","BRB","BRB-IPUMS","miglac_ci_PHC","Total","Total","Total","Total","Total","Afro","Total","Total","0.273700549231871","6877","0.281276866074794","1.02768104362299","25126","1"
"year","2010","country","BRB","BRB-IPUMS","miglac_ci_PHC","Total","Total","Total","Total","Total","Otro","Total","Total","0.402519807767242","3099","0.558905295552269","1.38851625377764","7699","1"
"year","2010","country","BRB","BRB-IPUMS","miglac_ci_PHC","Total","Total","men","Total","Total","Total","Total","Total","0.28793905481022","4271","0.371787147375613","1.2912008328313","14833","1"
"year","2010","country","BRB","BRB-IPUMS","miglac_ci_PHC","Total","Total","women","Total","Total","Total","Total","Total","0.317085371276123","5705","0.346921799054463","1.09409588231164","17992","1"
"year","2010","country","BRB","BRB-IPUMS","miglac_ci_PHC","Total","Total","Total","Total","Total","Total","Total","Total","0.303914699162224","9976","0.253866103319107","0.835320252751574","32825","1"
"year","2010",NA,"BRB","BRB-IPUMS","migrantiguo5_ci_PHC","Total","Total","men","Total","Total","Afro","Total","Total","0.0530502012285533","5009","0.0729415516813151","1.37495334592728","94420","1"
"year","2010",NA,"BRB","BRB-IPUMS","migrantiguo5_ci_PHC","Total","Total","men","Total","Total","Otro","Total","Total","0.295861976007548","2195","0.529908382776959","1.79106619217415","7419","1"
"year","2010",NA,"BRB","BRB-IPUMS","migrantiguo5_ci_PHC","Total","Total","women","Total","Total","Afro","Total","Total","0.070635848200056","7313","0.0796288302742331","1.12731470355827","103531","1"
"year","2010",NA,"BRB","BRB-IPUMS","migrantiguo5_ci_PHC","Total","Total","women","Total","Total","Otro","Total","Total","0.348492399700972","2797","0.531871624251862","1.5262072421328","8026","1"
"year","2010",NA,"BRB","BRB-IPUMS","migrantiguo5_ci_PHC","Total","Total","Total","Total","Total","Afro","Total","Total","0.0622477279730842","12322","0.054303392820406","0.872375500096753","197951","1"
"year","2010",NA,"BRB","BRB-IPUMS","migrantiguo5_ci_PHC","Total","Total","Total","Total","Total","Otro","Total","Total","0.323211395273551","4992","0.376336112659587","1.16436523638368","15445","1"
"year","2010",NA,"BRB","BRB-IPUMS","migrantiguo5_ci_PHC","Total","Total","men","Total","Total","Total","Total","Total","0.0707391078074215","7204","0.0803417997273883","1.13574799312014","101839","1"
"year","2010",NA,"BRB","BRB-IPUMS","migrantiguo5_ci_PHC","Total","Total","women","Total","Total","Total","Total","Total","0.0906263165915182","10110","0.0859508037150663","0.948408883287998","111557","1"
"year","2010",NA,"BRB","BRB-IPUMS","migrantiguo5_ci_PHC","Total","Total","Total","Total","Total","Total","Total","Total","0.0811355414347036","17314","0.0591068967921856","0.728495746093638","213396","1"
"year","2010","country","BRB","BRB-IPUMS","migrantiguo5_ci_PHC","Total","Total","men","Total","Total","Afro","Total","Total","0.0530502012285533","5009","0.0729415516813151","1.37495334592728","94420","1"
"year","2010","country","BRB","BRB-IPUMS","migrantiguo5_ci_PHC","Total","Total","men","Total","Total","Otro","Total","Total","0.295861976007548","2195","0.529908382776959","1.79106619217415","7419","1"
"year","2010","country","BRB","BRB-IPUMS","migrantiguo5_ci_PHC","Total","Total","women","Total","Total","Afro","Total","Total","0.070635848200056","7313","0.0796288302742331","1.12731470355827","103531","1"
"year","2010","country","BRB","BRB-IPUMS","migrantiguo5_ci_PHC","Total","Total","women","Total","Total","Otro","Total","Total","0.348492399700972","2797","0.531871624251862","1.5262072421328","8026","1"
"year","2010","country","BRB","BRB-IPUMS","migrantiguo5_ci_PHC","Total","Total","Total","Total","Total","Afro","Total","Total","0.0622477279730842","12322","0.054303392820406","0.872375500096753","197951","1"
"year","2010","country","BRB","BRB-IPUMS","migrantiguo5_ci_PHC","Total","Total","Total","Total","Total","Otro","Total","Total","0.323211395273551","4992","0.376336112659587","1.16436523638368","15445","1"
"year","2010","country","BRB","BRB-IPUMS","migrantiguo5_ci_PHC","Total","Total","men","Total","Total","Total","Total","Total","0.0707391078074215","7204","0.0803417997273883","1.13574799312014","101839","1"
"year","2010","country","BRB","BRB-IPUMS","migrantiguo5_ci_PHC","Total","Total","women","Total","Total","Total","Total","Total","0.0906263165915182","10110","0.0859508037150663","0.948408883287998","111557","1"
"year","2010","country","BRB","BRB-IPUMS","migrantiguo5_ci_PHC","Total","Total","Total","Total","Total","Total","Total","Total","0.0811355414347036","17314","0.0591068967921856","0.728495746093638","213396","1"
"year","2010",NA,"BRB","BRB-IPUMS","migrante_ci_PHC","Total","Total","men","Total","Total","Afro","Total","Total","0.112379789650652","11230","0.0999106829899653","0.889044936821393","99929","1"
"year","2010",NA,"BRB","BRB-IPUMS","migrante_ci_PHC","Total","Total","men","Total","Total","Otro","Total","Total","0.434410417169038","3603","0.544275519492613","1.25290623332549","8294","1"
"year","2010",NA,"BRB","BRB-IPUMS","migrante_ci_PHC","Total","Total","women","Total","Total","Afro","Total","Total","0.12727605788606","13896","0.100864945450086","0.792489546937277","109180","1"
"year","2010",NA,"BRB","BRB-IPUMS","migrante_ci_PHC","Total","Total","women","Total","Total","Otro","Total","Total","0.465984072810011","4096","0.532069303458727","1.14181864682671","8790","1"
"year","2010",NA,"BRB","BRB-IPUMS","migrante_ci_PHC","Total","Total","Total","Total","Total","Afro","Total","Total","0.120157429857156","25126","0.0711035751618687","0.591753462489979","209109","1"
"year","2010",NA,"BRB","BRB-IPUMS","migrante_ci_PHC","Total","Total","Total","Total","Total","Otro","Total","Total","0.450655584172325","7699","0.380671141288662","0.844705257536759","17084","1"
"year","2010",NA,"BRB","BRB-IPUMS","migrante_ci_PHC","Total","Total","men","Total","Total","Total","Total","Total","0.137059589920812","14833","0.104540682984812","0.762738915571045","108223","1"
"year","2010",NA,"BRB","BRB-IPUMS","migrante_ci_PHC","Total","Total","women","Total","Total","Total","Total","Total","0.152513350851912","17992","0.104672976600946","0.686320089462736","117970","1"
"year","2010",NA,"BRB","BRB-IPUMS","migrante_ci_PHC","Total","Total","Total","Total","Total","Total","Total","Total","0.145119433404217","32825","0.0740586735197384","0.510329125345017","226193","1"
"year","2010","country","BRB","BRB-IPUMS","migrante_ci_PHC","Total","Total","men","Total","Total","Afro","Total","Total","0.112379789650652","11230","0.0999106829899653","0.889044936821393","99929","1"
"year","2010","country","BRB","BRB-IPUMS","migrante_ci_PHC","Total","Total","men","Total","Total","Otro","Total","Total","0.434410417169038","3603","0.544275519492613","1.25290623332549","8294","1"
"year","2010","country","BRB","BRB-IPUMS","migrante_ci_PHC","Total","Total","women","Total","Total","Afro","Total","Total","0.12727605788606","13896","0.100864945450086","0.792489546937277","109180","1"
"year","2010","country","BRB","BRB-IPUMS","migrante_ci_PHC","Total","Total","women","Total","Total","Otro","Total","Total","0.465984072810011","4096","0.532069303458727","1.14181864682671","8790","1"
"year","2010","country","BRB","BRB-IPUMS","migrante_ci_PHC","Total","Total","Total","Total","Total","Afro","Total","Total","0.120157429857156","25126","0.0711035751618687","0.591753462489979","209109","1"
"year","2010","country","BRB","BRB-IPUMS","migrante_ci_PHC","Total","Total","Total","Total","Total","Otro","Total","Total","0.450655584172325","7699","0.380671141288662","0.844705257536759","17084","1"
"year","2010","country","BRB","BRB-IPUMS","migrante_ci_PHC","Total","Total","men","Total","Total","Total","Total","Total","0.137059589920812","14833","0.104540682984812","0.762738915571045","108223","1"
"year","2010","country","BRB","BRB-IPUMS","migrante_ci_PHC","Total","Total","women","Total","Total","Total","Total","Total","0.152513350851912","17992","0.104672976600946","0.686320089462736","117970","1"
"year","2010","country","BRB","BRB-IPUMS","migrante_ci_PHC","Total","Total","Total","Total","Total","Total","Total","Total","0.145119433404217","32825","0.0740586735197384","0.510329125345017","226193","1"
"year","2010",NA,"BRB","BRB-IPUMS","empleo_publico_PHC","Total","Total","men","Total","Total","Afro","Total","Total","0.212868686868687","10537","0.183982656747137","0.86430117765809","49500","1"
"year","2010",NA,"BRB","BRB-IPUMS","empleo_publico_PHC","Total","Total","men","Total","Total","Otro","Total","Total","0.0564496757146289","235","0.357692681433448","6.33648779918061","4163","1"
"year","2010",NA,"BRB","BRB-IPUMS","empleo_publico_PHC","Total","Total","women","Total","Total","Afro","Total","Total","0.245706737120211","12090","0.194076981372074","0.789872445691719","49205","1"
"year","2010",NA,"BRB","BRB-IPUMS","empleo_publico_PHC","Total","Total","women","Total","Total","Otro","Total","Total","0.0850874592351023","287","0.480412608990454","5.64610358928502","3373","1"
"year","2010",NA,"BRB","BRB-IPUMS","empleo_publico_PHC","Total","Total","Total","Total","Total","Afro","Total","Total","0.229238640393091","22627","0.133793280576197","0.583641921565982","98705","1"
"year","2010",NA,"BRB","BRB-IPUMS","empleo_publico_PHC","Total","Total","Total","Total","Total","Otro","Total","Total","0.0692675159235669","522","0.292487154619645","4.22257317473879","7536","1"
"year","2010",NA,"BRB","BRB-IPUMS","empleo_publico_PHC","Total","Total","men","Total","Total","Total","Total","Total","0.200734211654212","10772","0.172909492577919","0.86138526737921","53663","1"
"year","2010",NA,"BRB","BRB-IPUMS","empleo_publico_PHC","Total","Total","women","Total","Total","Total","Total","Total","0.235402639887405","12377","0.185020576787985","0.785974944361209","52578","1"
"year","2010",NA,"BRB","BRB-IPUMS","empleo_publico_PHC","Total","Total","Total","Total","Total","Total","Total","Total","0.217891397859583","23149","0.12665067211985","0.58125595302972","106241","1"
"year","2010","country","BRB","BRB-IPUMS","empleo_publico_PHC","Total","Total","men","Total","Total","Afro","Total","Total","0.212868686868687","10537","0.183982656747137","0.86430117765809","49500","1"
"year","2010","country","BRB","BRB-IPUMS","empleo_publico_PHC","Total","Total","men","Total","Total","Otro","Total","Total","0.0564496757146289","235","0.357692681433448","6.33648779918061","4163","1"
"year","2010","country","BRB","BRB-IPUMS","empleo_publico_PHC","Total","Total","women","Total","Total","Afro","Total","Total","0.245706737120211","12090","0.194076981372074","0.789872445691719","49205","1"
"year","2010","country","BRB","BRB-IPUMS","empleo_publico_PHC","Total","Total","women","Total","Total","Otro","Total","Total","0.0850874592351023","287","0.480412608990454","5.64610358928502","3373","1"
"year","2010","country","BRB","BRB-IPUMS","empleo_publico_PHC","Total","Total","Total","Total","Total","Afro","Total","Total","0.229238640393091","22627","0.133793280576197","0.583641921565982","98705","1"
"year","2010","country","BRB","BRB-IPUMS","empleo_publico_PHC","Total","Total","Total","Total","Total","Otro","Total","Total","0.0692675159235669","522","0.292487154619645","4.22257317473879","7536","1"
"year","2010","country","BRB","BRB-IPUMS","empleo_publico_PHC","Total","Total","men","Total","Total","Total","Total","Total","0.200734211654212","10772","0.172909492577919","0.86138526737921","53663","1"
"year","2010","country","BRB","BRB-IPUMS","empleo_publico_PHC","Total","Total","women","Total","Total","Total","Total","Total","0.235402639887405","12377","0.185020576787985","0.785974944361209","52578","1"
"year","2010","country","BRB","BRB-IPUMS","empleo_publico_PHC","Total","Total","Total","Total","Total","Total","Total","Total","0.217891397859583","23149","0.12665067211985","0.58125595302972","106241","1"
"year","2010",NA,"BRB","BRB-IPUMS","ingreso_mens_prom_PHC","Total","Total","men","Total","Total","Afro","Total","Total","3088.2756755193","34566","11100.7841475514","668.285687420473","106749337","1"
"year","2010",NA,"BRB","BRB-IPUMS","ingreso_mens_prom_PHC","Total","Total","men","Total","Total","Otro","Total","Total","5246.15617391304","2875","17579.1794930572","179.670307055151","15082699","1"
"year","2010",NA,"BRB","BRB-IPUMS","ingreso_mens_prom_PHC","Total","Total","women","Total","Total","Afro","Total","Total","2799.98296577135","37454","10697.7792903616","739.413452114639","104870562","1"
"year","2010",NA,"BRB","BRB-IPUMS","ingreso_mens_prom_PHC","Total","Total","women","Total","Total","Otro","Total","Total","3747.71428571429","2443","8079.17419450703","106.552153440556","9155666","1"
"year","2010",NA,"BRB","BRB-IPUMS","ingreso_mens_prom_PHC","Total","Total","Total","Total","Total","Afro","Total","Total","2938.34905581783","72020","7703.17697198591","703.546890958362","211619899","1"
"year","2010",NA,"BRB","BRB-IPUMS","ingreso_mens_prom_PHC","Total","Total","Total","Total","Total","Otro","Total","Total","4557.7971041745","5318","10253.0213072045","164.04803710645","24238365","1"
"year","2010",NA,"BRB","BRB-IPUMS","ingreso_mens_prom_PHC","Total","Total","men","Total","Total","Total","Total","Total","3253.97387890281","37441","10341.1230712769","614.932383270295","121832036","1"
"year","2010",NA,"BRB","BRB-IPUMS","ingreso_mens_prom_PHC","Total","Total","women","Total","Total","Total","Total","Total","2858.0150888538","39897","10055.5337275811","702.765980628708","114026228","1"
"year","2010",NA,"BRB","BRB-IPUMS","ingreso_mens_prom_PHC","Total","Total","Total","Total","Total","Total","Total","Total","3049.70731076573","77338","7209.54226026099","657.424673622592","235858264","1"
"year","2010","country","BRB","BRB-IPUMS","ingreso_mens_prom_PHC","Total","Total","men","Total","Total","Afro","Total","Total","3088.2756755193","34566","11100.7841475514","668.285687420473","106749337","1"
"year","2010","country","BRB","BRB-IPUMS","ingreso_mens_prom_PHC","Total","Total","men","Total","Total","Otro","Total","Total","5246.15617391304","2875","17579.1794930572","179.670307055151","15082699","1"
"year","2010","country","BRB","BRB-IPUMS","ingreso_mens_prom_PHC","Total","Total","women","Total","Total","Afro","Total","Total","2799.98296577135","37454","10697.7792903616","739.413452114639","104870562","1"
"year","2010","country","BRB","BRB-IPUMS","ingreso_mens_prom_PHC","Total","Total","women","Total","Total","Otro","Total","Total","3747.71428571429","2443","8079.17419450703","106.552153440556","9155666","1"
"year","2010","country","BRB","BRB-IPUMS","ingreso_mens_prom_PHC","Total","Total","Total","Total","Total","Afro","Total","Total","2938.34905581783","72020","7703.17697198591","703.546890958362","211619899","1"
"year","2010","country","BRB","BRB-IPUMS","ingreso_mens_prom_PHC","Total","Total","Total","Total","Total","Otro","Total","Total","4557.7971041745","5318","10253.0213072045","164.04803710645","24238365","1"
"year","2010","country","BRB","BRB-IPUMS","ingreso_mens_prom_PHC","Total","Total","men","Total","Total","Total","Total","Total","3253.97387890281","37441","10341.1230712769","614.932383270295","121832036","1"
"year","2010","country","BRB","BRB-IPUMS","ingreso_mens_prom_PHC","Total","Total","women","Total","Total","Total","Total","Total","2858.0150888538","39897","10055.5337275811","702.765980628708","114026228","1"
"year","2010","country","BRB","BRB-IPUMS","ingreso_mens_prom_PHC","Total","Total","Total","Total","Total","Total","Total","Total","3049.70731076573","77338","7209.54226026099","657.424673622592","235858264","1"
"year","2010",NA,"BRB","BRB-IPUMS","tasa_agro_PHC","Total","Total","men","Total","Total","Afro","Total","Total","0.017959595959596","889","0.0596912068589299","3.32363862712827","49500","1"
"year","2010",NA,"BRB","BRB-IPUMS","tasa_agro_PHC","Total","Total","men","Total","Total","Otro","Total","Total","0.0461205861157819","192","0.325080516836091","7.04849058119087","4163","1"
"year","2010",NA,"BRB","BRB-IPUMS","tasa_agro_PHC","Total","Total","women","Total","Total","Afro","Total","Total","0.00991769129153541","488","0.0446720955009698","4.50428372771561","49205","1"
"year","2010",NA,"BRB","BRB-IPUMS","tasa_agro_PHC","Total","Total","women","Total","Total","Otro","Total","Total","0.0198636228876371","67","0.240250507748086","12.0949994423029","3373","1"
"year","2010",NA,"BRB","BRB-IPUMS","tasa_agro_PHC","Total","Total","Total","Total","Total","Afro","Total","Total","0.0139506610607365","1377","0.0373316461264842","2.67597685614715","98705","1"
"year","2010",NA,"BRB","BRB-IPUMS","tasa_agro_PHC","Total","Total","Total","Total","Total","Otro","Total","Total","0.0343683651804671","259","0.209852783852815","6.1059867919491","7536","1"
"year","2010",NA,"BRB","BRB-IPUMS","tasa_agro_PHC","Total","Total","men","Total","Total","Total","Total","Total","0.0201442334569443","1081","0.0606483479676748","3.01070517760345","53663","1"
"year","2010",NA,"BRB","BRB-IPUMS","tasa_agro_PHC","Total","Total","women","Total","Total","Total","Total","Total","0.0105557457491727","555","0.044569534165372","4.22230084206654","52578","1"
"year","2010",NA,"BRB","BRB-IPUMS","tasa_agro_PHC","Total","Total","Total","Total","Total","Total","Total","Total","0.0153989514405926","1636","0.0377771896810164","2.45323130128414","106241","1"
"year","2010","country","BRB","BRB-IPUMS","tasa_agro_PHC","Total","Total","men","Total","Total","Afro","Total","Total","0.017959595959596","889","0.0596912068589299","3.32363862712827","49500","1"
"year","2010","country","BRB","BRB-IPUMS","tasa_agro_PHC","Total","Total","men","Total","Total","Otro","Total","Total","0.0461205861157819","192","0.325080516836091","7.04849058119087","4163","1"
"year","2010","country","BRB","BRB-IPUMS","tasa_agro_PHC","Total","Total","women","Total","Total","Afro","Total","Total","0.00991769129153541","488","0.0446720955009698","4.50428372771561","49205","1"
"year","2010","country","BRB","BRB-IPUMS","tasa_agro_PHC","Total","Total","women","Total","Total","Otro","Total","Total","0.0198636228876371","67","0.240250507748086","12.0949994423029","3373","1"
"year","2010","country","BRB","BRB-IPUMS","tasa_agro_PHC","Total","Total","Total","Total","Total","Afro","Total","Total","0.0139506610607365","1377","0.0373316461264842","2.67597685614715","98705","1"
"year","2010","country","BRB","BRB-IPUMS","tasa_agro_PHC","Total","Total","Total","Total","Total","Otro","Total","Total","0.0343683651804671","259","0.209852783852815","6.1059867919491","7536","1"
"year","2010","country","BRB","BRB-IPUMS","tasa_agro_PHC","Total","Total","men","Total","Total","Total","Total","Total","0.0201442334569443","1081","0.0606483479676748","3.01070517760345","53663","1"
"year","2010","country","BRB","BRB-IPUMS","tasa_agro_PHC","Total","Total","women","Total","Total","Total","Total","Total","0.0105557457491727","555","0.044569534165372","4.22230084206654","52578","1"
"year","2010","country","BRB","BRB-IPUMS","tasa_agro_PHC","Total","Total","Total","Total","Total","Total","Total","Total","0.0153989514405926","1636","0.0377771896810164","2.45323130128414","106241","1"
"year","2010",NA,"BRB","BRB-IPUMS","tasa_asalariados_PHC","Total","Total","men","Total","Total","Afro","Total","Total","0.761292929292929","37684","0.19160460397113","0.251683151909853","49500","1"
"year","2010",NA,"BRB","BRB-IPUMS","tasa_asalariados_PHC","Total","Total","men","Total","Total","Otro","Total","Total","0.689887100648571","2872","0.716878775648274","1.03912477124783","4163","1"
"year","2010",NA,"BRB","BRB-IPUMS","tasa_asalariados_PHC","Total","Total","women","Total","Total","Afro","Total","Total","0.894868407682146","44032","0.138274339010869","0.154519187205437","49205","1"
"year","2010",NA,"BRB","BRB-IPUMS","tasa_asalariados_PHC","Total","Total","women","Total","Total","Otro","Total","Total","0.798695523273051","2694","0.690413335117128","0.864426198719403","3373","1"
"year","2010",NA,"BRB","BRB-IPUMS","tasa_asalariados_PHC","Total","Total","Total","Total","Total","Afro","Total","Total","0.827881059723418","81716","0.120151370460683","0.145131198557463","98705","1"
"year","2010",NA,"BRB","BRB-IPUMS","tasa_asalariados_PHC","Total","Total","Total","Total","Total","Otro","Total","Total","0.738588110403397","5566","0.50616647770313","0.685316309013796","7536","1"
"year","2010",NA,"BRB","BRB-IPUMS","tasa_asalariados_PHC","Total","Total","men","Total","Total","Total","Total","Total","0.755753498686246","40556","0.185467058829032","0.245406814723897","53663","1"
"year","2010",NA,"BRB","BRB-IPUMS","tasa_asalariados_PHC","Total","Total","women","Total","Total","Total","Total","Total","0.888698695271787","46726","0.137159334086608","0.154337274057392","52578","1"
"year","2010",NA,"BRB","BRB-IPUMS","tasa_asalariados_PHC","Total","Total","Total","Total","Total","Total","Total","Total","0.821547236942423","87282","0.117471315737312","0.142987901918468","106241","1"
"year","2010","country","BRB","BRB-IPUMS","tasa_asalariados_PHC","Total","Total","men","Total","Total","Afro","Total","Total","0.761292929292929","37684","0.19160460397113","0.251683151909853","49500","1"
"year","2010","country","BRB","BRB-IPUMS","tasa_asalariados_PHC","Total","Total","men","Total","Total","Otro","Total","Total","0.689887100648571","2872","0.716878775648274","1.03912477124783","4163","1"
"year","2010","country","BRB","BRB-IPUMS","tasa_asalariados_PHC","Total","Total","women","Total","Total","Afro","Total","Total","0.894868407682146","44032","0.138274339010869","0.154519187205437","49205","1"
"year","2010","country","BRB","BRB-IPUMS","tasa_asalariados_PHC","Total","Total","women","Total","Total","Otro","Total","Total","0.798695523273051","2694","0.690413335117128","0.864426198719403","3373","1"
"year","2010","country","BRB","BRB-IPUMS","tasa_asalariados_PHC","Total","Total","Total","Total","Total","Afro","Total","Total","0.827881059723418","81716","0.120151370460683","0.145131198557463","98705","1"
"year","2010","country","BRB","BRB-IPUMS","tasa_asalariados_PHC","Total","Total","Total","Total","Total","Otro","Total","Total","0.738588110403397","5566","0.50616647770313","0.685316309013796","7536","1"
"year","2010","country","BRB","BRB-IPUMS","tasa_asalariados_PHC","Total","Total","men","Total","Total","Total","Total","Total","0.755753498686246","40556","0.185467058829032","0.245406814723897","53663","1"
"year","2010","country","BRB","BRB-IPUMS","tasa_asalariados_PHC","Total","Total","women","Total","Total","Total","Total","Total","0.888698695271787","46726","0.137159334086608","0.154337274057392","52578","1"
"year","2010","country","BRB","BRB-IPUMS","tasa_asalariados_PHC","Total","Total","Total","Total","Total","Total","Total","Total","0.821547236942423","87282","0.117471315737312","0.142987901918468","106241","1"
"year","2010",NA,"BRB","BRB-IPUMS","tasa_comercio_PHC","Total","Total","men","Total","Total","Afro","Total","Total","0.111616161616162","5525","0.141534158408532","1.26804359117146","49500","1"
"year","2010",NA,"BRB","BRB-IPUMS","tasa_comercio_PHC","Total","Total","men","Total","Total","Otro","Total","Total","0.153735287052606","640","0.559032030706555","3.63632866223655","4163","1"
"year","2010",NA,"BRB","BRB-IPUMS","tasa_comercio_PHC","Total","Total","women","Total","Total","Afro","Total","Total","0.137729905497409","6777","0.155357122496629","1.12798394753529","49205","1"
"year","2010",NA,"BRB","BRB-IPUMS","tasa_comercio_PHC","Total","Total","women","Total","Total","Otro","Total","Total","0.144085383931219","486","0.604668040563103","4.19659526917561","3373","1"
"year","2010",NA,"BRB","BRB-IPUMS","tasa_comercio_PHC","Total","Total","Total","Total","Total","Afro","Total","Total","0.124634010435135","12302","0.105134085896164","0.843542509216458","98705","1"
"year","2010",NA,"BRB","BRB-IPUMS","tasa_comercio_PHC","Total","Total","Total","Total","Total","Otro","Total","Total","0.149416135881104","1126","0.410664229148657","2.74845970769474","7536","1"
"year","2010",NA,"BRB","BRB-IPUMS","tasa_comercio_PHC","Total","Total","men","Total","Total","Total","Total","Total","0.114883625589326","6165","0.137654933208767","1.19821195146506","53663","1"
"year","2010",NA,"BRB","BRB-IPUMS","tasa_comercio_PHC","Total","Total","women","Total","Total","Total","Total","Total","0.138137624101335","7263","0.150477969075301","1.08933369930348","52578","1"
"year","2010",NA,"BRB","BRB-IPUMS","tasa_comercio_PHC","Total","Total","Total","Total","Total","Total","Total","Total","0.126391882606527","13428","0.101946388853235","0.806589685594025","106241","1"
"year","2010","country","BRB","BRB-IPUMS","tasa_comercio_PHC","Total","Total","men","Total","Total","Afro","Total","Total","0.111616161616162","5525","0.141534158408532","1.26804359117146","49500","1"
"year","2010","country","BRB","BRB-IPUMS","tasa_comercio_PHC","Total","Total","men","Total","Total","Otro","Total","Total","0.153735287052606","640","0.559032030706555","3.63632866223655","4163","1"
"year","2010","country","BRB","BRB-IPUMS","tasa_comercio_PHC","Total","Total","women","Total","Total","Afro","Total","Total","0.137729905497409","6777","0.155357122496629","1.12798394753529","49205","1"
"year","2010","country","BRB","BRB-IPUMS","tasa_comercio_PHC","Total","Total","women","Total","Total","Otro","Total","Total","0.144085383931219","486","0.604668040563103","4.19659526917561","3373","1"
"year","2010","country","BRB","BRB-IPUMS","tasa_comercio_PHC","Total","Total","Total","Total","Total","Afro","Total","Total","0.124634010435135","12302","0.105134085896164","0.843542509216458","98705","1"
"year","2010","country","BRB","BRB-IPUMS","tasa_comercio_PHC","Total","Total","Total","Total","Total","Otro","Total","Total","0.149416135881104","1126","0.410664229148657","2.74845970769474","7536","1"
"year","2010","country","BRB","BRB-IPUMS","tasa_comercio_PHC","Total","Total","men","Total","Total","Total","Total","Total","0.114883625589326","6165","0.137654933208767","1.19821195146506","53663","1"
"year","2010","country","BRB","BRB-IPUMS","tasa_comercio_PHC","Total","Total","women","Total","Total","Total","Total","Total","0.138137624101335","7263","0.150477969075301","1.08933369930348","52578","1"
"year","2010","country","BRB","BRB-IPUMS","tasa_comercio_PHC","Total","Total","Total","Total","Total","Total","Total","Total","0.126391882606527","13428","0.101946388853235","0.806589685594025","106241","1"
"year","2010",NA,"BRB","BRB-IPUMS","tasa_construccion_PHC","Total","Total","men","Total","Total","Afro","Total","Total","0.131232323232323","6496","0.151764304616838","1.15645521529148","49500","1"
"year","2010",NA,"BRB","BRB-IPUMS","tasa_construccion_PHC","Total","Total","men","Total","Total","Otro","Total","Total","0.152294018736488","634","0.556879001166227","3.65660454551263","4163","1"
"year","2010",NA,"BRB","BRB-IPUMS","tasa_construccion_PHC","Total","Total","women","Total","Total","Afro","Total","Total","0.0129864851133015","639","0.0510390688559325","3.93016804860119","49205","1"
"year","2010",NA,"BRB","BRB-IPUMS","tasa_construccion_PHC","Total","Total","women","Total","Total","Otro","Total","Total","0.0243107026386007","82","0.265183412834193","10.9080933108504","3373","1"
"year","2010",NA,"BRB","BRB-IPUMS","tasa_construccion_PHC","Total","Total","Total","Total","Total","Afro","Total","Total","0.0722861050605339","7135","0.0824261218093401","1.14027615321527","98705","1"
"year","2010",NA,"BRB","BRB-IPUMS","tasa_construccion_PHC","Total","Total","Total","Total","Total","Otro","Total","Total","0.0950106157112527","716","0.337782669653169","3.55520977445011","7536","1"
"year","2010",NA,"BRB","BRB-IPUMS","tasa_construccion_PHC","Total","Total","men","Total","Total","Total","Total","Total","0.132866220673462","7130","0.14652538433321","1.10280388491908","53663","1"
"year","2010",NA,"BRB","BRB-IPUMS","tasa_construccion_PHC","Total","Total","women","Total","Total","Total","Total","Total","0.0137129597930693","721","0.0507183636846368","3.69857160306634","52578","1"
"year","2010",NA,"BRB","BRB-IPUMS","tasa_construccion_PHC","Total","Total","Total","Total","Total","Total","Total","Total","0.0738980243032351","7851","0.0802601088074036","1.08609275503851","106241","1"
"year","2010","country","BRB","BRB-IPUMS","tasa_construccion_PHC","Total","Total","men","Total","Total","Afro","Total","Total","0.131232323232323","6496","0.151764304616838","1.15645521529148","49500","1"
"year","2010","country","BRB","BRB-IPUMS","tasa_construccion_PHC","Total","Total","men","Total","Total","Otro","Total","Total","0.152294018736488","634","0.556879001166227","3.65660454551263","4163","1"
"year","2010","country","BRB","BRB-IPUMS","tasa_construccion_PHC","Total","Total","women","Total","Total","Afro","Total","Total","0.0129864851133015","639","0.0510390688559325","3.93016804860119","49205","1"
"year","2010","country","BRB","BRB-IPUMS","tasa_construccion_PHC","Total","Total","women","Total","Total","Otro","Total","Total","0.0243107026386007","82","0.265183412834193","10.9080933108504","3373","1"
"year","2010","country","BRB","BRB-IPUMS","tasa_construccion_PHC","Total","Total","Total","Total","Total","Afro","Total","Total","0.0722861050605339","7135","0.0824261218093401","1.14027615321527","98705","1"
"year","2010","country","BRB","BRB-IPUMS","tasa_construccion_PHC","Total","Total","Total","Total","Total","Otro","Total","Total","0.0950106157112527","716","0.337782669653169","3.55520977445011","7536","1"
"year","2010","country","BRB","BRB-IPUMS","tasa_construccion_PHC","Total","Total","men","Total","Total","Total","Total","Total","0.132866220673462","7130","0.14652538433321","1.10280388491908","53663","1"
"year","2010","country","BRB","BRB-IPUMS","tasa_construccion_PHC","Total","Total","women","Total","Total","Total","Total","Total","0.0137129597930693","721","0.0507183636846368","3.69857160306634","52578","1"
"year","2010","country","BRB","BRB-IPUMS","tasa_construccion_PHC","Total","Total","Total","Total","Total","Total","Total","Total","0.0738980243032351","7851","0.0802601088074036","1.08609275503851","106241","1"
"year","2010",NA,"BRB","BRB-IPUMS","tasa_desocupacion_PHC","Total","Total","men","Total","Total","Afro","Total","Total","0.0967826608669567","5162","0.128022024608165","1.322778516951","53336","1"
"year","2010",NA,"BRB","BRB-IPUMS","tasa_desocupacion_PHC","Total","Total","men","Total","Total","Otro","Total","Total","0.0488803274741151","203","0.334582845310343","6.84493870233427","4153","1"
"year","2010",NA,"BRB","BRB-IPUMS","tasa_desocupacion_PHC","Total","Total","women","Total","Total","Afro","Total","Total","0.0837500947184966","4421","0.120567989998943","1.43961616287361","52788","1"
"year","2010",NA,"BRB","BRB-IPUMS","tasa_desocupacion_PHC","Total","Total","women","Total","Total","Otro","Total","Total","0.0522648083623693","180","0.379242161706829","7.25616669399067","3444","1"
"year","2010",NA,"BRB","BRB-IPUMS","tasa_desocupacion_PHC","Total","Total","Total","Total","Total","Afro","Total","Total","0.0903000263842298","9583","0.0879804591621338","0.974312662853208","106124","1"
"year","2010",NA,"BRB","BRB-IPUMS","tasa_desocupacion_PHC","Total","Total","Total","Total","Total","Otro","Total","Total","0.0504146373568514","383","0.251029214060315","4.97929226949403","7597","1"
"year","2010",NA,"BRB","BRB-IPUMS","tasa_desocupacion_PHC","Total","Total","men","Total","Total","Total","Total","Total","0.0933222007688427","5365","0.1213183792496","1.29999483777824","57489","1"
"year","2010",NA,"BRB","BRB-IPUMS","tasa_desocupacion_PHC","Total","Total","women","Total","Total","Total","Total","Total","0.0818217385118794","4601","0.115586227503724","1.41265914909572","56232","1"
"year","2010",NA,"BRB","BRB-IPUMS","tasa_desocupacion_PHC","Total","Total","Total","Total","Total","Total","Total","Total","0.0876355290579576","9966","0.0838501712295662","0.956805671522928","113721","1"
"year","2010","country","BRB","BRB-IPUMS","tasa_desocupacion_PHC","Total","Total","men","Total","Total","Afro","Total","Total","0.0967826608669567","5162","0.128022024608165","1.322778516951","53336","1"
"year","2010","country","BRB","BRB-IPUMS","tasa_desocupacion_PHC","Total","Total","men","Total","Total","Otro","Total","Total","0.0488803274741151","203","0.334582845310343","6.84493870233427","4153","1"
"year","2010","country","BRB","BRB-IPUMS","tasa_desocupacion_PHC","Total","Total","women","Total","Total","Afro","Total","Total","0.0837500947184966","4421","0.120567989998943","1.43961616287361","52788","1"
"year","2010","country","BRB","BRB-IPUMS","tasa_desocupacion_PHC","Total","Total","women","Total","Total","Otro","Total","Total","0.0522648083623693","180","0.379242161706829","7.25616669399067","3444","1"
"year","2010","country","BRB","BRB-IPUMS","tasa_desocupacion_PHC","Total","Total","Total","Total","Total","Afro","Total","Total","0.0903000263842298","9583","0.0879804591621338","0.974312662853208","106124","1"
"year","2010","country","BRB","BRB-IPUMS","tasa_desocupacion_PHC","Total","Total","Total","Total","Total","Otro","Total","Total","0.0504146373568514","383","0.251029214060315","4.97929226949403","7597","1"
"year","2010","country","BRB","BRB-IPUMS","tasa_desocupacion_PHC","Total","Total","men","Total","Total","Total","Total","Total","0.0933222007688427","5365","0.1213183792496","1.29999483777824","57489","1"
"year","2010","country","BRB","BRB-IPUMS","tasa_desocupacion_PHC","Total","Total","women","Total","Total","Total","Total","Total","0.0818217385118794","4601","0.115586227503724","1.41265914909572","56232","1"
"year","2010","country","BRB","BRB-IPUMS","tasa_desocupacion_PHC","Total","Total","Total","Total","Total","Total","Total","Total","0.0876355290579576","9966","0.0838501712295662","0.956805671522928","113721","1"
"year","2010",NA,"BRB","BRB-IPUMS","tasa_financiero_PHC","Total","Total","men","Total","Total","Afro","Total","Total","0.0791111111111111","3916","0.121316468366602","1.5334946844093","49500","1"
"year","2010",NA,"BRB","BRB-IPUMS","tasa_financiero_PHC","Total","Total","men","Total","Total","Otro","Total","Total","0.0535671390823925","223","0.348972276140356","6.51467078731975","4163","1"
"year","2010",NA,"BRB","BRB-IPUMS","tasa_financiero_PHC","Total","Total","women","Total","Total","Afro","Total","Total","0.0438166852962097","2156","0.0922753545646234","2.10594101175895","49205","1"
"year","2010",NA,"BRB","BRB-IPUMS","tasa_financiero_PHC","Total","Total","women","Total","Total","Otro","Total","Total","0.036466053957901","123","0.322752581364533","8.85076794262252","3373","1"
"year","2010",NA,"BRB","BRB-IPUMS","tasa_financiero_PHC","Total","Total","Total","Total","Total","Afro","Total","Total","0.0615166404944025","6072","0.0764786154212763","1.24321833582956","98705","1"
"year","2010",NA,"BRB","BRB-IPUMS","tasa_financiero_PHC","Total","Total","Total","Total","Total","Otro","Total","Total","0.0459129511677282","346","0.241096641086963","5.25116846020622","7536","1"
"year","2010",NA,"BRB","BRB-IPUMS","tasa_financiero_PHC","Total","Total","men","Total","Total","Total","Total","Total","0.0771294933194193","4139","0.11517100290007","1.49321612191989","53663","1"
"year","2010",NA,"BRB","BRB-IPUMS","tasa_financiero_PHC","Total","Total","women","Total","Total","Total","Total","Total","0.0433451253375937","2279","0.0888067025889045","2.04882791080273","52578","1"
"year","2010",NA,"BRB","BRB-IPUMS","tasa_financiero_PHC","Total","Total","Total","Total","Total","Total","Total","Total","0.0604098229497087","6418","0.0730931940788645","1.20995544283774","106241","1"
"year","2010","country","BRB","BRB-IPUMS","tasa_financiero_PHC","Total","Total","men","Total","Total","Afro","Total","Total","0.0791111111111111","3916","0.121316468366602","1.5334946844093","49500","1"
"year","2010","country","BRB","BRB-IPUMS","tasa_financiero_PHC","Total","Total","men","Total","Total","Otro","Total","Total","0.0535671390823925","223","0.348972276140356","6.51467078731975","4163","1"
"year","2010","country","BRB","BRB-IPUMS","tasa_financiero_PHC","Total","Total","women","Total","Total","Afro","Total","Total","0.0438166852962097","2156","0.0922753545646234","2.10594101175895","49205","1"
"year","2010","country","BRB","BRB-IPUMS","tasa_financiero_PHC","Total","Total","women","Total","Total","Otro","Total","Total","0.036466053957901","123","0.322752581364533","8.85076794262252","3373","1"
"year","2010","country","BRB","BRB-IPUMS","tasa_financiero_PHC","Total","Total","Total","Total","Total","Afro","Total","Total","0.0615166404944025","6072","0.0764786154212763","1.24321833582956","98705","1"
"year","2010","country","BRB","BRB-IPUMS","tasa_financiero_PHC","Total","Total","Total","Total","Total","Otro","Total","Total","0.0459129511677282","346","0.241096641086963","5.25116846020622","7536","1"
"year","2010","country","BRB","BRB-IPUMS","tasa_financiero_PHC","Total","Total","men","Total","Total","Total","Total","Total","0.0771294933194193","4139","0.11517100290007","1.49321612191989","53663","1"
"year","2010","country","BRB","BRB-IPUMS","tasa_financiero_PHC","Total","Total","women","Total","Total","Total","Total","Total","0.0433451253375937","2279","0.0888067025889045","2.04882791080273","52578","1"
"year","2010","country","BRB","BRB-IPUMS","tasa_financiero_PHC","Total","Total","Total","Total","Total","Total","Total","Total","0.0604098229497087","6418","0.0730931940788645","1.20995544283774","106241","1"
"year","2010",NA,"BRB","BRB-IPUMS","tasa_independientes_PHC","Total","Total","men","Total","Total","Afro","Total","Total","0.197393939393939","9771","0.178902135701285","0.906320306745841","49500","1"
"year","2010",NA,"BRB","BRB-IPUMS","tasa_independientes_PHC","Total","Total","men","Total","Total","Otro","Total","Total","0.266874849867884","1111","0.68555085652471","2.56881027516865","4163","1"
"year","2010",NA,"BRB","BRB-IPUMS","tasa_independientes_PHC","Total","Total","women","Total","Total","Afro","Total","Total","0.0758865968905599","3734","0.119382468664347","1.57316935474804","49205","1"
"year","2010",NA,"BRB","BRB-IPUMS","tasa_independientes_PHC","Total","Total","women","Total","Total","Otro","Total","Total","0.16335606285206","551","0.636545998438354","3.89667813563079","3373","1"
"year","2010",NA,"BRB","BRB-IPUMS","tasa_independientes_PHC","Total","Total","Total","Total","Total","Afro","Total","Total","0.136821842865103","13505","0.109385148913862","0.799471390117934","98705","1"
"year","2010",NA,"BRB","BRB-IPUMS","tasa_independientes_PHC","Total","Total","Total","Total","Total","Otro","Total","Total","0.220541401273885","1662","0.477607508931369","2.16561383111119","7536","1"
"year","2010",NA,"BRB","BRB-IPUMS","tasa_independientes_PHC","Total","Total","men","Total","Total","Total","Total","Total","0.202784041145668","10882","0.173567099005118","0.855920900010259","53663","1"
"year","2010",NA,"BRB","BRB-IPUMS","tasa_independientes_PHC","Total","Total","women","Total","Total","Total","Total","Total","0.081497964928297","4285","0.119319496615573","1.46407946162277","52578","1"
"year","2010",NA,"BRB","BRB-IPUMS","tasa_independientes_PHC","Total","Total","Total","Total","Total","Total","Total","Total","0.14276032793366","15167","0.107326959003708","0.751798210029202","106241","1"
"year","2010","country","BRB","BRB-IPUMS","tasa_independientes_PHC","Total","Total","men","Total","Total","Afro","Total","Total","0.197393939393939","9771","0.178902135701285","0.906320306745841","49500","1"
"year","2010","country","BRB","BRB-IPUMS","tasa_independientes_PHC","Total","Total","men","Total","Total","Otro","Total","Total","0.266874849867884","1111","0.68555085652471","2.56881027516865","4163","1"
"year","2010","country","BRB","BRB-IPUMS","tasa_independientes_PHC","Total","Total","women","Total","Total","Afro","Total","Total","0.0758865968905599","3734","0.119382468664347","1.57316935474804","49205","1"
"year","2010","country","BRB","BRB-IPUMS","tasa_independientes_PHC","Total","Total","women","Total","Total","Otro","Total","Total","0.16335606285206","551","0.636545998438354","3.89667813563079","3373","1"
"year","2010","country","BRB","BRB-IPUMS","tasa_independientes_PHC","Total","Total","Total","Total","Total","Afro","Total","Total","0.136821842865103","13505","0.109385148913862","0.799471390117934","98705","1"
"year","2010","country","BRB","BRB-IPUMS","tasa_independientes_PHC","Total","Total","Total","Total","Total","Otro","Total","Total","0.220541401273885","1662","0.477607508931369","2.16561383111119","7536","1"
"year","2010","country","BRB","BRB-IPUMS","tasa_independientes_PHC","Total","Total","men","Total","Total","Total","Total","Total","0.202784041145668","10882","0.173567099005118","0.855920900010259","53663","1"
"year","2010","country","BRB","BRB-IPUMS","tasa_independientes_PHC","Total","Total","women","Total","Total","Total","Total","Total","0.081497964928297","4285","0.119319496615573","1.46407946162277","52578","1"
"year","2010","country","BRB","BRB-IPUMS","tasa_independientes_PHC","Total","Total","Total","Total","Total","Total","Total","Total","0.14276032793366","15167","0.107326959003708","0.751798210029202","106241","1"
"year","2010",NA,"BRB","BRB-IPUMS","tasa_industria_PHC","Total","Total","men","Total","Total","Afro","Total","Total","0.0623030303030303","3084","0.108638370286948","1.74370925071463","49500","1"
"year","2010",NA,"BRB","BRB-IPUMS","tasa_industria_PHC","Total","Total","men","Total","Total","Otro","Total","Total","0.067499399471535","281","0.388840335474284","5.76064881344998","4163","1"
"year","2010",NA,"BRB","BRB-IPUMS","tasa_industria_PHC","Total","Total","women","Total","Total","Afro","Total","Total","0.0514175388680012","2530","0.0995608440271567","1.93632068393527","49205","1"
"year","2010",NA,"BRB","BRB-IPUMS","tasa_industria_PHC","Total","Total","women","Total","Total","Otro","Total","Total","0.0468425733768159","158","0.3638266606567","7.76700839490538","3373","1"
"year","2010",NA,"BRB","BRB-IPUMS","tasa_industria_PHC","Total","Total","Total","Total","Total","Afro","Total","Total","0.0568765513398511","5614","0.0737193203602064","1.29612852086822","98705","1"
"year","2010",NA,"BRB","BRB-IPUMS","tasa_industria_PHC","Total","Total","Total","Total","Total","Otro","Total","Total","0.0582537154989384","439","0.269810177752777","4.6316389511274","7536","1"
"year","2010",NA,"BRB","BRB-IPUMS","tasa_industria_PHC","Total","Total","men","Total","Total","Total","Total","Total","0.062706147624993","3365","0.104653912839961","1.66895777852327","53663","1"
"year","2010",NA,"BRB","BRB-IPUMS","tasa_industria_PHC","Total","Total","women","Total","Total","Total","Total","Total","0.0511240442770741","2688","0.0960539637366844","1.87884125942983","52578","1"
"year","2010",NA,"BRB","BRB-IPUMS","tasa_industria_PHC","Total","Total","Total","Total","Total","Total","Total","Total","0.0569742378177916","6053","0.0711139767983431","1.24817776458496","106241","1"
"year","2010","country","BRB","BRB-IPUMS","tasa_industria_PHC","Total","Total","men","Total","Total","Afro","Total","Total","0.0623030303030303","3084","0.108638370286948","1.74370925071463","49500","1"
"year","2010","country","BRB","BRB-IPUMS","tasa_industria_PHC","Total","Total","men","Total","Total","Otro","Total","Total","0.067499399471535","281","0.388840335474284","5.76064881344998","4163","1"
"year","2010","country","BRB","BRB-IPUMS","tasa_industria_PHC","Total","Total","women","Total","Total","Afro","Total","Total","0.0514175388680012","2530","0.0995608440271567","1.93632068393527","49205","1"
"year","2010","country","BRB","BRB-IPUMS","tasa_industria_PHC","Total","Total","women","Total","Total","Otro","Total","Total","0.0468425733768159","158","0.3638266606567","7.76700839490538","3373","1"
"year","2010","country","BRB","BRB-IPUMS","tasa_industria_PHC","Total","Total","Total","Total","Total","Afro","Total","Total","0.0568765513398511","5614","0.0737193203602064","1.29612852086822","98705","1"
"year","2010","country","BRB","BRB-IPUMS","tasa_industria_PHC","Total","Total","Total","Total","Total","Otro","Total","Total","0.0582537154989384","439","0.269810177752777","4.6316389511274","7536","1"
"year","2010","country","BRB","BRB-IPUMS","tasa_industria_PHC","Total","Total","men","Total","Total","Total","Total","Total","0.062706147624993","3365","0.104653912839961","1.66895777852327","53663","1"
"year","2010","country","BRB","BRB-IPUMS","tasa_industria_PHC","Total","Total","women","Total","Total","Total","Total","Total","0.0511240442770741","2688","0.0960539637366844","1.87884125942983","52578","1"
"year","2010","country","BRB","BRB-IPUMS","tasa_industria_PHC","Total","Total","Total","Total","Total","Total","Total","Total","0.0569742378177916","6053","0.0711139767983431","1.24817776458496","106241","1"
"year","2010",NA,"BRB","BRB-IPUMS","tasa_minas_PHC","Total","Total","men","Total","Total","Afro","Total","Total","0.00329292929292929","163","0.0257497118140236","7.81969775947342","49500","1"
"year","2010",NA,"BRB","BRB-IPUMS","tasa_minas_PHC","Total","Total","men","Total","Total","Otro","Total","Total","0.00312274801825607","13","0.0864741114477964","27.6916712274751","4163","1"
"year","2010",NA,"BRB","BRB-IPUMS","tasa_minas_PHC","Total","Total","women","Total","Total","Afro","Total","Total","0.000975510618839549","48","0.0140734135511331","14.4267148704897","49205","1"
"year","2010",NA,"BRB","BRB-IPUMS","tasa_minas_PHC","Total","Total","women","Total","Total","Otro","Total","Total","0.00177883190038541","6","0.0725558896479653","40.7885026304312","3373","1"
"year","2010",NA,"BRB","BRB-IPUMS","tasa_minas_PHC","Total","Total","Total","Total","Total","Afro","Total","Total","0.00213768299478243","211","0.0147006787098691","6.87692176330631","98705","1"
"year","2010",NA,"BRB","BRB-IPUMS","tasa_minas_PHC","Total","Total","Total","Total","Total","Otro","Total","Total","0.00252123142250531","19","0.0577680543948946","22.9126346273645","7536","1"
"year","2010",NA,"BRB","BRB-IPUMS","tasa_minas_PHC","Total","Total","men","Total","Total","Total","Total","Total","0.0032797271863295","176","0.0246813000490207","7.52541252574202","53663","1"
"year","2010",NA,"BRB","BRB-IPUMS","tasa_minas_PHC","Total","Total","women","Total","Total","Total","Total","Total","0.00102704553235193","54","0.0139691404250637","13.6012863938704","52578","1"
"year","2010",NA,"BRB","BRB-IPUMS","tasa_minas_PHC","Total","Total","Total","Total","Total","Total","Total","Total","0.00216488926120801","230","0.0142593969447794","6.58666343830567","106241","1"
"year","2010","country","BRB","BRB-IPUMS","tasa_minas_PHC","Total","Total","men","Total","Total","Afro","Total","Total","0.00329292929292929","163","0.0257497118140236","7.81969775947342","49500","1"
"year","2010","country","BRB","BRB-IPUMS","tasa_minas_PHC","Total","Total","men","Total","Total","Otro","Total","Total","0.00312274801825607","13","0.0864741114477964","27.6916712274751","4163","1"
"year","2010","country","BRB","BRB-IPUMS","tasa_minas_PHC","Total","Total","women","Total","Total","Afro","Total","Total","0.000975510618839549","48","0.0140734135511331","14.4267148704897","49205","1"
"year","2010","country","BRB","BRB-IPUMS","tasa_minas_PHC","Total","Total","women","Total","Total","Otro","Total","Total","0.00177883190038541","6","0.0725558896479653","40.7885026304312","3373","1"
"year","2010","country","BRB","BRB-IPUMS","tasa_minas_PHC","Total","Total","Total","Total","Total","Afro","Total","Total","0.00213768299478243","211","0.0147006787098691","6.87692176330631","98705","1"
"year","2010","country","BRB","BRB-IPUMS","tasa_minas_PHC","Total","Total","Total","Total","Total","Otro","Total","Total","0.00252123142250531","19","0.0577680543948946","22.9126346273645","7536","1"
"year","2010","country","BRB","BRB-IPUMS","tasa_minas_PHC","Total","Total","men","Total","Total","Total","Total","Total","0.0032797271863295","176","0.0246813000490207","7.52541252574202","53663","1"
"year","2010","country","BRB","BRB-IPUMS","tasa_minas_PHC","Total","Total","women","Total","Total","Total","Total","Total","0.00102704553235193","54","0.0139691404250637","13.6012863938704","52578","1"
"year","2010","country","BRB","BRB-IPUMS","tasa_minas_PHC","Total","Total","Total","Total","Total","Total","Total","Total","0.00216488926120801","230","0.0142593969447794","6.58666343830567","106241","1"
"year","2010",NA,"BRB","BRB-IPUMS","tasa_ocupacion_PHC","Total","Total","men","Total","Total","Afro","Total","Total","0.780633466586822","48233","0.166479289843691","0.213261789264034","61787","1"
"year","2010",NA,"BRB","BRB-IPUMS","tasa_ocupacion_PHC","Total","Total","men","Total","Total","Otro","Total","Total","0.811999178138484","3952","0.560050250249403","0.68971775505158","4867","1"
"year","2010",NA,"BRB","BRB-IPUMS","tasa_ocupacion_PHC","Total","Total","women","Total","Total","Afro","Total","Total","0.766644484583452","48386","0.168361656486226","0.219608514600746","63114","1"
"year","2010",NA,"BRB","BRB-IPUMS","tasa_ocupacion_PHC","Total","Total","women","Total","Total","Otro","Total","Total","0.762082652346486","3264","0.650638945535942","0.853764278103689","4283","1"
"year","2010",NA,"BRB","BRB-IPUMS","tasa_ocupacion_PHC","Total","Total","Total","Total","Total","Afro","Total","Total","0.773564663213265","96619","0.1184233806652","0.153087888184148","124901","1"
"year","2010",NA,"BRB","BRB-IPUMS","tasa_ocupacion_PHC","Total","Total","Total","Total","Total","Otro","Total","Total","0.788633879781421","7216","0.426820092943438","0.541214502554387","9150","1"
"year","2010",NA,"BRB","BRB-IPUMS","tasa_ocupacion_PHC","Total","Total","men","Total","Total","Total","Total","Total","0.782923755513548","52185","0.159680828212492","0.203954506537806","66654","1"
"year","2010",NA,"BRB","BRB-IPUMS","tasa_ocupacion_PHC","Total","Total","women","Total","Total","Total","Total","Total","0.766354585515676","51650","0.16299460448148","0.212688235396676","67397","1"
"year","2010",NA,"BRB","BRB-IPUMS","tasa_ocupacion_PHC","Total","Total","Total","Total","Total","Total","Total","Total","0.774593251822068","103835","0.114126180381673","0.147336915359403","134051","1"
"year","2010","country","BRB","BRB-IPUMS","tasa_ocupacion_PHC","Total","Total","men","Total","Total","Afro","Total","Total","0.780633466586822","48233","0.166479289843691","0.213261789264034","61787","1"
"year","2010","country","BRB","BRB-IPUMS","tasa_ocupacion_PHC","Total","Total","men","Total","Total","Otro","Total","Total","0.811999178138484","3952","0.560050250249403","0.68971775505158","4867","1"
"year","2010","country","BRB","BRB-IPUMS","tasa_ocupacion_PHC","Total","Total","women","Total","Total","Afro","Total","Total","0.766644484583452","48386","0.168361656486226","0.219608514600746","63114","1"
"year","2010","country","BRB","BRB-IPUMS","tasa_ocupacion_PHC","Total","Total","women","Total","Total","Otro","Total","Total","0.762082652346486","3264","0.650638945535942","0.853764278103689","4283","1"
"year","2010","country","BRB","BRB-IPUMS","tasa_ocupacion_PHC","Total","Total","Total","Total","Total","Afro","Total","Total","0.773564663213265","96619","0.1184233806652","0.153087888184148","124901","1"
"year","2010","country","BRB","BRB-IPUMS","tasa_ocupacion_PHC","Total","Total","Total","Total","Total","Otro","Total","Total","0.788633879781421","7216","0.426820092943438","0.541214502554387","9150","1"
"year","2010","country","BRB","BRB-IPUMS","tasa_ocupacion_PHC","Total","Total","men","Total","Total","Total","Total","Total","0.782923755513548","52185","0.159680828212492","0.203954506537806","66654","1"
"year","2010","country","BRB","BRB-IPUMS","tasa_ocupacion_PHC","Total","Total","women","Total","Total","Total","Total","Total","0.766354585515676","51650","0.16299460448148","0.212688235396676","67397","1"
"year","2010","country","BRB","BRB-IPUMS","tasa_ocupacion_PHC","Total","Total","Total","Total","Total","Total","Total","Total","0.774593251822068","103835","0.114126180381673","0.147336915359403","134051","1"
"year","2010",NA,"BRB","BRB-IPUMS","tasa_participacion_PHC","Total","Total","men","Total","Total","Afro","Total","Total","0.786968453979402","53336","0.157278392722598","0.199853490857607","67774","1"
"year","2010",NA,"BRB","BRB-IPUMS","tasa_participacion_PHC","Total","Total","men","Total","Total","Otro","Total","Total","0.752355072463768","4153","0.580973878472208","0.772207033269104","5520","1"
"year","2010",NA,"BRB","BRB-IPUMS","tasa_participacion_PHC","Total","Total","women","Total","Total","Afro","Total","Total","0.717881767369752","52788","0.165959033353863","0.23117878304936","73533","1"
"year","2010",NA,"BRB","BRB-IPUMS","tasa_participacion_PHC","Total","Total","women","Total","Total","Otro","Total","Total","0.59719091382001","3444","0.645849383231693","1.08147891785632","5767","1"
"year","2010",NA,"BRB","BRB-IPUMS","tasa_participacion_PHC","Total","Total","Total","Total","Total","Afro","Total","Total","0.751017288598583","106124","0.115034398309618","0.153171438335693","141307","1"
"year","2010",NA,"BRB","BRB-IPUMS","tasa_participacion_PHC","Total","Total","Total","Total","Total","Otro","Total","Total","0.673075219278816","7597","0.441536345449973","0.655998516663662","11287","1"
"year","2010",NA,"BRB","BRB-IPUMS","tasa_participacion_PHC","Total","Total","men","Total","Total","Total","Total","Total","0.784361612137419","57489","0.151910219577014","0.193673705120591","73294","1"
"year","2010",NA,"BRB","BRB-IPUMS","tasa_participacion_PHC","Total","Total","women","Total","Total","Total","Total","Total","0.709104665825977","56232","0.161282391872444","0.227445114445242","79300","1"
"year","2010",NA,"BRB","BRB-IPUMS","tasa_participacion_PHC","Total","Total","Total","Total","Total","Total","Total","Total","0.745252106898043","113721","0.1115419359466","0.149670071260677","152594","1"
"year","2010","country","BRB","BRB-IPUMS","tasa_participacion_PHC","Total","Total","men","Total","Total","Afro","Total","Total","0.786968453979402","53336","0.157278392722598","0.199853490857607","67774","1"
"year","2010","country","BRB","BRB-IPUMS","tasa_participacion_PHC","Total","Total","men","Total","Total","Otro","Total","Total","0.752355072463768","4153","0.580973878472208","0.772207033269104","5520","1"
"year","2010","country","BRB","BRB-IPUMS","tasa_participacion_PHC","Total","Total","women","Total","Total","Afro","Total","Total","0.717881767369752","52788","0.165959033353863","0.23117878304936","73533","1"
"year","2010","country","BRB","BRB-IPUMS","tasa_participacion_PHC","Total","Total","women","Total","Total","Otro","Total","Total","0.59719091382001","3444","0.645849383231693","1.08147891785632","5767","1"
"year","2010","country","BRB","BRB-IPUMS","tasa_participacion_PHC","Total","Total","Total","Total","Total","Afro","Total","Total","0.751017288598583","106124","0.115034398309618","0.153171438335693","141307","1"
"year","2010","country","BRB","BRB-IPUMS","tasa_participacion_PHC","Total","Total","Total","Total","Total","Otro","Total","Total","0.673075219278816","7597","0.441536345449973","0.655998516663662","11287","1"
"year","2010","country","BRB","BRB-IPUMS","tasa_participacion_PHC","Total","Total","men","Total","Total","Total","Total","Total","0.784361612137419","57489","0.151910219577014","0.193673705120591","73294","1"
"year","2010","country","BRB","BRB-IPUMS","tasa_participacion_PHC","Total","Total","women","Total","Total","Total","Total","Total","0.709104665825977","56232","0.161282391872444","0.227445114445242","79300","1"
"year","2010","country","BRB","BRB-IPUMS","tasa_participacion_PHC","Total","Total","Total","Total","Total","Total","Total","Total","0.745252106898043","113721","0.1115419359466","0.149670071260677","152594","1"
"year","2010",NA,"BRB","BRB-IPUMS","tasa_servicios_PHC","Total","Total","men","Total","Total","Afro","Total","Total","0.0261616161616162","1295","0.0717419421462427","2.74225956466333","49500","1"
"year","2010",NA,"BRB","BRB-IPUMS","tasa_servicios_PHC","Total","Total","men","Total","Total","Otro","Total","Total","0.0369925534470334","154","0.292528896049647","7.90777788477066","4163","1"
"year","2010",NA,"BRB","BRB-IPUMS","tasa_servicios_PHC","Total","Total","women","Total","Total","Afro","Total","Total","0.0578193273041358","2845","0.105220168949259","1.819809635553","49205","1"
"year","2010",NA,"BRB","BRB-IPUMS","tasa_servicios_PHC","Total","Total","women","Total","Total","Otro","Total","Total","0.055736732878743","188","0.395010946745104","7.08708469878316","3373","1"
"year","2010",NA,"BRB","BRB-IPUMS","tasa_servicios_PHC","Total","Total","Total","Total","Total","Afro","Total","Total","0.0419431639734563","4140","0.0638052852731496","1.52123204900634","98705","1"
"year","2010",NA,"BRB","BRB-IPUMS","tasa_servicios_PHC","Total","Total","Total","Total","Total","Otro","Total","Total","0.0453821656050955","342","0.239765634003404","5.28325677733816","7536","1"
"year","2010",NA,"BRB","BRB-IPUMS","tasa_servicios_PHC","Total","Total","men","Total","Total","Total","Total","Total","0.0270018448465423","1449","0.0699705444366584","2.5913245866835","53663","1"
"year","2010",NA,"BRB","BRB-IPUMS","tasa_servicios_PHC","Total","Total","women","Total","Total","Total","Total","Total","0.0576857240671003","3033","0.101678710172364","1.76263212114822","52578","1"
"year","2010",NA,"BRB","BRB-IPUMS","tasa_servicios_PHC","Total","Total","Total","Total","Total","Total","Total","Total","0.0421871029075404","4482","0.061671443891262","1.46185539278259","106241","1"
"year","2010","country","BRB","BRB-IPUMS","tasa_servicios_PHC","Total","Total","men","Total","Total","Afro","Total","Total","0.0261616161616162","1295","0.0717419421462427","2.74225956466333","49500","1"
"year","2010","country","BRB","BRB-IPUMS","tasa_servicios_PHC","Total","Total","men","Total","Total","Otro","Total","Total","0.0369925534470334","154","0.292528896049647","7.90777788477066","4163","1"
"year","2010","country","BRB","BRB-IPUMS","tasa_servicios_PHC","Total","Total","women","Total","Total","Afro","Total","Total","0.0578193273041358","2845","0.105220168949259","1.819809635553","49205","1"
"year","2010","country","BRB","BRB-IPUMS","tasa_servicios_PHC","Total","Total","women","Total","Total","Otro","Total","Total","0.055736732878743","188","0.395010946745104","7.08708469878316","3373","1"
"year","2010","country","BRB","BRB-IPUMS","tasa_servicios_PHC","Total","Total","Total","Total","Total","Afro","Total","Total","0.0419431639734563","4140","0.0638052852731496","1.52123204900634","98705","1"
"year","2010","country","BRB","BRB-IPUMS","tasa_servicios_PHC","Total","Total","Total","Total","Total","Otro","Total","Total","0.0453821656050955","342","0.239765634003404","5.28325677733816","7536","1"
"year","2010","country","BRB","BRB-IPUMS","tasa_servicios_PHC","Total","Total","men","Total","Total","Total","Total","Total","0.0270018448465423","1449","0.0699705444366584","2.5913245866835","53663","1"
"year","2010","country","BRB","BRB-IPUMS","tasa_servicios_PHC","Total","Total","women","Total","Total","Total","Total","Total","0.0576857240671003","3033","0.101678710172364","1.76263212114822","52578","1"
"year","2010","country","BRB","BRB-IPUMS","tasa_servicios_PHC","Total","Total","Total","Total","Total","Total","Total","Total","0.0421871029075404","4482","0.061671443891262","1.46185539278259","106241","1"
"year","2010",NA,"BRB","BRB-IPUMS","tasa_sinremuneracion_PHC","Total","Total","men","Total","Total","Afro","Total","Total","0.000161616161616162","8","0.00571353243584454","35.3524819467881","49500","1"
"year","2010",NA,"BRB","BRB-IPUMS","tasa_sinremuneracion_PHC","Total","Total","women","Total","Total","Afro","Total","Total","0.000304847068387359","15","0.00786991762503947","25.8159531160045","49205","1"
"year","2010",NA,"BRB","BRB-IPUMS","tasa_sinremuneracion_PHC","Total","Total","women","Total","Total","Otro","Total","Total","0.00237177586718055","8","0.0837554383615366","35.3133866991828","3373","1"
"year","2010",NA,"BRB","BRB-IPUMS","tasa_sinremuneracion_PHC","Total","Total","Total","Total","Total","Afro","Total","Total","0.000233017577630313","23","0.00485818624612407","20.8490118879859","98705","1"
"year","2010",NA,"BRB","BRB-IPUMS","tasa_sinremuneracion_PHC","Total","Total","Total","Total","Total","Otro","Total","Total","0.00106157112526539","8","0.0375122802258588","35.336567972759","7536","1"
"year","2010",NA,"BRB","BRB-IPUMS","tasa_sinremuneracion_PHC","Total","Total","men","Total","Total","Total","Total","Total","0.000149078508469523","8","0.00527032832312684","35.3527036004945","53663","1"
"year","2010",NA,"BRB","BRB-IPUMS","tasa_sinremuneracion_PHC","Total","Total","women","Total","Total","Total","Total","Total","0.000437445319335083","23","0.00911937017677772","20.8468802241139","52578","1"
"year","2010",NA,"BRB","BRB-IPUMS","tasa_sinremuneracion_PHC","Total","Total","Total","Total","Total","Total","Total","Total","0.000291789422162819","31","0.00523992808444256","17.9579096651375","106241","1"
"year","2010","country","BRB","BRB-IPUMS","tasa_sinremuneracion_PHC","Total","Total","men","Total","Total","Afro","Total","Total","0.000161616161616162","8","0.00571353243584454","35.3524819467881","49500","1"
"year","2010","country","BRB","BRB-IPUMS","tasa_sinremuneracion_PHC","Total","Total","women","Total","Total","Afro","Total","Total","0.000304847068387359","15","0.00786991762503947","25.8159531160045","49205","1"
"year","2010","country","BRB","BRB-IPUMS","tasa_sinremuneracion_PHC","Total","Total","women","Total","Total","Otro","Total","Total","0.00237177586718055","8","0.0837554383615366","35.3133866991828","3373","1"
"year","2010","country","BRB","BRB-IPUMS","tasa_sinremuneracion_PHC","Total","Total","Total","Total","Total","Afro","Total","Total","0.000233017577630313","23","0.00485818624612407","20.8490118879859","98705","1"
"year","2010","country","BRB","BRB-IPUMS","tasa_sinremuneracion_PHC","Total","Total","Total","Total","Total","Otro","Total","Total","0.00106157112526539","8","0.0375122802258588","35.336567972759","7536","1"
"year","2010","country","BRB","BRB-IPUMS","tasa_sinremuneracion_PHC","Total","Total","men","Total","Total","Total","Total","Total","0.000149078508469523","8","0.00527032832312684","35.3527036004945","53663","1"
"year","2010","country","BRB","BRB-IPUMS","tasa_sinremuneracion_PHC","Total","Total","women","Total","Total","Total","Total","Total","0.000437445319335083","23","0.00911937017677772","20.8468802241139","52578","1"
"year","2010","country","BRB","BRB-IPUMS","tasa_sinremuneracion_PHC","Total","Total","Total","Total","Total","Total","Total","Total","0.000291789422162819","31","0.00523992808444256","17.9579096651375","106241","1"
"year","2010",NA,"BRB","BRB-IPUMS","tasa_sspublicos_PHC","Total","Total","men","Total","Total","Afro","Total","Total","0.0252929292929293","1252","0.0705722597241162","2.79019716960364","49500","1"
"year","2010",NA,"BRB","BRB-IPUMS","tasa_sspublicos_PHC","Total","Total","men","Total","Total","Otro","Total","Total","0.00816718712466971","34","0.139492957962111","17.0796818822432","4163","1"
"year","2010",NA,"BRB","BRB-IPUMS","tasa_sspublicos_PHC","Total","Total","women","Total","Total","Afro","Total","Total","0.00918605832740575","452","0.0430086722840791","4.68195070738521","49205","1"
"year","2010",NA,"BRB","BRB-IPUMS","tasa_sspublicos_PHC","Total","Total","women","Total","Total","Otro","Total","Total","0.00326119181737326","11","0.0981681677777932","30.101929992227","3373","1"
"year","2010",NA,"BRB","BRB-IPUMS","tasa_sspublicos_PHC","Total","Total","Total","Total","Total","Afro","Total","Total","0.0172635631426979","1704","0.0414585560132699","2.40150632117946","98705","1"
"year","2010",NA,"BRB","BRB-IPUMS","tasa_sspublicos_PHC","Total","Total","Total","Total","Total","Otro","Total","Total","0.00597133757961783","45","0.0887492763877686","14.8625454857383","7536","1"
"year","2010",NA,"BRB","BRB-IPUMS","tasa_sspublicos_PHC","Total","Total","men","Total","Total","Total","Total","Total","0.0239643702364758","1286","0.0660204335742991","2.75494131173998","53663","1"
"year","2010",NA,"BRB","BRB-IPUMS","tasa_sspublicos_PHC","Total","Total","women","Total","Total","Total","Total","Total","0.00880596447183233","463","0.0407441979793212","4.62688648241198","52578","1"
"year","2010",NA,"BRB","BRB-IPUMS","tasa_sspublicos_PHC","Total","Total","Total","Total","Total","Total","Total","Total","0.0164625709471861","1749","0.03903895652066","2.37137666078413","106241","1"
"year","2010","country","BRB","BRB-IPUMS","tasa_sspublicos_PHC","Total","Total","men","Total","Total","Afro","Total","Total","0.0252929292929293","1252","0.0705722597241162","2.79019716960364","49500","1"
"year","2010","country","BRB","BRB-IPUMS","tasa_sspublicos_PHC","Total","Total","men","Total","Total","Otro","Total","Total","0.00816718712466971","34","0.139492957962111","17.0796818822432","4163","1"
"year","2010","country","BRB","BRB-IPUMS","tasa_sspublicos_PHC","Total","Total","women","Total","Total","Afro","Total","Total","0.00918605832740575","452","0.0430086722840791","4.68195070738521","49205","1"
"year","2010","country","BRB","BRB-IPUMS","tasa_sspublicos_PHC","Total","Total","women","Total","Total","Otro","Total","Total","0.00326119181737326","11","0.0981681677777932","30.101929992227","3373","1"
"year","2010","country","BRB","BRB-IPUMS","tasa_sspublicos_PHC","Total","Total","Total","Total","Total","Afro","Total","Total","0.0172635631426979","1704","0.0414585560132699","2.40150632117946","98705","1"
"year","2010","country","BRB","BRB-IPUMS","tasa_sspublicos_PHC","Total","Total","Total","Total","Total","Otro","Total","Total","0.00597133757961783","45","0.0887492763877686","14.8625454857383","7536","1"
"year","2010","country","BRB","BRB-IPUMS","tasa_sspublicos_PHC","Total","Total","men","Total","Total","Total","Total","Total","0.0239643702364758","1286","0.0660204335742991","2.75494131173998","53663","1"
"year","2010","country","BRB","BRB-IPUMS","tasa_sspublicos_PHC","Total","Total","women","Total","Total","Total","Total","Total","0.00880596447183233","463","0.0407441979793212","4.62688648241198","52578","1"
"year","2010","country","BRB","BRB-IPUMS","tasa_sspublicos_PHC","Total","Total","Total","Total","Total","Total","Total","Total","0.0164625709471861","1749","0.03903895652066","2.37137666078413","106241","1"
"year","2010",NA,"BRB","BRB-IPUMS","tasa_transporte_PHC","Total","Total","men","Total","Total","Afro","Total","Total","0.0694343434343434","3437","0.114250491576588","1.64544641636342","49500","1"
"year","2010",NA,"BRB","BRB-IPUMS","tasa_transporte_PHC","Total","Total","men","Total","Total","Otro","Total","Total","0.0545279846264713","227","0.351909391518854","6.45373919336119","4163","1"
"year","2010",NA,"BRB","BRB-IPUMS","tasa_transporte_PHC","Total","Total","women","Total","Total","Afro","Total","Total","0.124499542729397","6126","0.148835814585047","1.19547278104101","49205","1"
"year","2010",NA,"BRB","BRB-IPUMS","tasa_transporte_PHC","Total","Total","women","Total","Total","Otro","Total","Total","0.0927957308034391","313","0.499583826645855","5.38369408075549","3373","1"
"year","2010",NA,"BRB","BRB-IPUMS","tasa_transporte_PHC","Total","Total","Total","Total","Total","Afro","Total","Total","0.096884656299073","9563","0.0941519968885297","0.971794714303286","98705","1"
"year","2010",NA,"BRB","BRB-IPUMS","tasa_transporte_PHC","Total","Total","Total","Total","Total","Otro","Total","Total","0.071656050955414","540","0.297105331794274","4.14626996370675","7536","1"
"year","2010",NA,"BRB","BRB-IPUMS","tasa_transporte_PHC","Total","Total","men","Total","Total","Total","Total","Total","0.0682779568790414","3664","0.108879462858685","1.59465027712489","53663","1"
"year","2010",NA,"BRB","BRB-IPUMS","tasa_transporte_PHC","Total","Total","women","Total","Total","Total","Total","Total","0.122465670052113","6439","0.142967462224177","1.16740848405385","52578","1"
"year","2010",NA,"BRB","BRB-IPUMS","tasa_transporte_PHC","Total","Total","Total","Total","Total","Total","Total","Total","0.0950951139390631","10103","0.0899983387950568","0.946403396211584","106241","1"
"year","2010","country","BRB","BRB-IPUMS","tasa_transporte_PHC","Total","Total","men","Total","Total","Afro","Total","Total","0.0694343434343434","3437","0.114250491576588","1.64544641636342","49500","1"
"year","2010","country","BRB","BRB-IPUMS","tasa_transporte_PHC","Total","Total","men","Total","Total","Otro","Total","Total","0.0545279846264713","227","0.351909391518854","6.45373919336119","4163","1"
"year","2010","country","BRB","BRB-IPUMS","tasa_transporte_PHC","Total","Total","women","Total","Total","Afro","Total","Total","0.124499542729397","6126","0.148835814585047","1.19547278104101","49205","1"
"year","2010","country","BRB","BRB-IPUMS","tasa_transporte_PHC","Total","Total","women","Total","Total","Otro","Total","Total","0.0927957308034391","313","0.499583826645855","5.38369408075549","3373","1"
"year","2010","country","BRB","BRB-IPUMS","tasa_transporte_PHC","Total","Total","Total","Total","Total","Afro","Total","Total","0.096884656299073","9563","0.0941519968885297","0.971794714303286","98705","1"
"year","2010","country","BRB","BRB-IPUMS","tasa_transporte_PHC","Total","Total","Total","Total","Total","Otro","Total","Total","0.071656050955414","540","0.297105331794274","4.14626996370675","7536","1"
"year","2010","country","BRB","BRB-IPUMS","tasa_transporte_PHC","Total","Total","men","Total","Total","Total","Total","Total","0.0682779568790414","3664","0.108879462858685","1.59465027712489","53663","1"
"year","2010","country","BRB","BRB-IPUMS","tasa_transporte_PHC","Total","Total","women","Total","Total","Total","Total","Total","0.122465670052113","6439","0.142967462224177","1.16740848405385","52578","1"
"year","2010","country","BRB","BRB-IPUMS","tasa_transporte_PHC","Total","Total","Total","Total","Total","Total","Total","Total","0.0950951139390631","10103","0.0899983387950568","0.946403396211584","106241","1"
"year","2010",NA,"BRB","BRB-IPUMS","ninis_2_15_24_PHC","Total","Total","men","Total","Total","Afro","Total","Total","0.193508829300196","2367","0.357191787544856","1.84586816444811","12232","1"
"year","2010",NA,"BRB","BRB-IPUMS","ninis_2_15_24_PHC","Total","Total","men","Total","Total","Otro","Total","Total","0.118063754427391","100","1.10875396370941","9.39114607261866","847","1"
"year","2010",NA,"BRB","BRB-IPUMS","ninis_2_15_24_PHC","Total","Total","women","Total","Total","Afro","Total","Total","0.155722940887506","1902","0.32808761386518","2.10686756874307","12214","1"
"year","2010",NA,"BRB","BRB-IPUMS","ninis_2_15_24_PHC","Total","Total","women","Total","Total","Otro","Total","Total","0.120405576679341","95","1.1585800155882","9.6223119189378","789","1"
"year","2010",NA,"BRB","BRB-IPUMS","ninis_2_15_24_PHC","Total","Total","Total","Total","Total","Afro","Total","Total","0.174629796285691","4269","0.242817321014477","1.39046901605057","24446","1"
"year","2010",NA,"BRB","BRB-IPUMS","ninis_2_15_24_PHC","Total","Total","Total","Total","Total","Otro","Total","Total","0.11919315403423","195","0.801077155586743","6.72083193097391","1636","1"
"year","2010",NA,"BRB","BRB-IPUMS","ninis_2_15_24_PHC","Total","Total","men","Total","Total","Total","Total","Total","0.188622983408517","2467","0.342075039463183","1.81353848445034","13079","1"
"year","2010",NA,"BRB","BRB-IPUMS","ninis_2_15_24_PHC","Total","Total","women","Total","Total","Total","Total","Total","0.153579943090056","1997","0.316182946888154","2.05875155652813","13003","1"
"year","2010",NA,"BRB","BRB-IPUMS","ninis_2_15_24_PHC","Total","Total","Total","Total","Total","Total","Total","Total","0.171152518978606","4464","0.233216091865251","1.36262143997076","26082","1"
"year","2010","country","BRB","BRB-IPUMS","ninis_2_15_24_PHC","Total","Total","men","Total","Total","Afro","Total","Total","0.193508829300196","2367","0.357191787544856","1.84586816444811","12232","1"
"year","2010","country","BRB","BRB-IPUMS","ninis_2_15_24_PHC","Total","Total","men","Total","Total","Otro","Total","Total","0.118063754427391","100","1.10875396370941","9.39114607261866","847","1"
"year","2010","country","BRB","BRB-IPUMS","ninis_2_15_24_PHC","Total","Total","women","Total","Total","Afro","Total","Total","0.155722940887506","1902","0.32808761386518","2.10686756874307","12214","1"
"year","2010","country","BRB","BRB-IPUMS","ninis_2_15_24_PHC","Total","Total","women","Total","Total","Otro","Total","Total","0.120405576679341","95","1.1585800155882","9.6223119189378","789","1"
"year","2010","country","BRB","BRB-IPUMS","ninis_2_15_24_PHC","Total","Total","Total","Total","Total","Afro","Total","Total","0.174629796285691","4269","0.242817321014477","1.39046901605057","24446","1"
"year","2010","country","BRB","BRB-IPUMS","ninis_2_15_24_PHC","Total","Total","Total","Total","Total","Otro","Total","Total","0.11919315403423","195","0.801077155586743","6.72083193097391","1636","1"
"year","2010","country","BRB","BRB-IPUMS","ninis_2_15_24_PHC","Total","Total","men","Total","Total","Total","Total","Total","0.188622983408517","2467","0.342075039463183","1.81353848445034","13079","1"
"year","2010","country","BRB","BRB-IPUMS","ninis_2_15_24_PHC","Total","Total","women","Total","Total","Total","Total","Total","0.153579943090056","1997","0.316182946888154","2.05875155652813","13003","1"
"year","2010","country","BRB","BRB-IPUMS","ninis_2_15_24_PHC","Total","Total","Total","Total","Total","Total","Total","Total","0.171152518978606","4464","0.233216091865251","1.36262143997076","26082","1"
"year","2010",NA,"BRB","BRB-IPUMS","tasa_aban_18_24_PHC","Total","Total","men","Total","Total","Afro","Total","Total","0.00522610921501706","49","0.0744633602485613","14.2483360345002","9376","1"
"year","2010",NA,"BRB","BRB-IPUMS","tasa_aban_18_24_PHC","Total","Total","men","Total","Total","Otro","Total","Total","0.0181818181818182","12","0.520070503224869","28.6038776773678","660","1"
"year","2010",NA,"BRB","BRB-IPUMS","tasa_aban_18_24_PHC","Total","Total","women","Total","Total","Afro","Total","Total","0.00315424245610346","30","0.0574974293321361","18.2286016792649","9511","1"
"year","2010",NA,"BRB","BRB-IPUMS","tasa_aban_18_24_PHC","Total","Total","women","Total","Total","Otro","Total","Total","0.0109034267912773","7","0.40985792834224","37.5898271422454","642","1"
"year","2010",NA,"BRB","BRB-IPUMS","tasa_aban_18_24_PHC","Total","Total","Total","Total","Total","Afro","Total","Total","0.0041827712182983","79","0.0469613294681625","11.2273244261416","18887","1"
"year","2010",NA,"BRB","BRB-IPUMS","tasa_aban_18_24_PHC","Total","Total","Total","Total","Total","Otro","Total","Total","0.0145929339477727","19","0.33233314105023","22.7735657709157","1302","1"
"year","2010",NA,"BRB","BRB-IPUMS","tasa_aban_18_24_PHC","Total","Total","men","Total","Total","Total","Total","Total","0.00607811877241929","61","0.0775854691711806","12.7647175180651","10036","1"
"year","2010",NA,"BRB","BRB-IPUMS","tasa_aban_18_24_PHC","Total","Total","women","Total","Total","Total","Total","Total","0.0036442430808628","37","0.0598017224608813","16.4099158958197","10153","1"
"year","2010",NA,"BRB","BRB-IPUMS","tasa_aban_18_24_PHC","Total","Total","Total","Total","Total","Total","Total","Total","0.0048541284858091","98","0.0489149487258499","10.0769785696549","20189","1"
"year","2010","country","BRB","BRB-IPUMS","tasa_aban_18_24_PHC","Total","Total","men","Total","Total","Afro","Total","Total","0.00522610921501706","49","0.0744633602485613","14.2483360345002","9376","1"
"year","2010","country","BRB","BRB-IPUMS","tasa_aban_18_24_PHC","Total","Total","men","Total","Total","Otro","Total","Total","0.0181818181818182","12","0.520070503224869","28.6038776773678","660","1"
"year","2010","country","BRB","BRB-IPUMS","tasa_aban_18_24_PHC","Total","Total","women","Total","Total","Afro","Total","Total","0.00315424245610346","30","0.0574974293321361","18.2286016792649","9511","1"
"year","2010","country","BRB","BRB-IPUMS","tasa_aban_18_24_PHC","Total","Total","women","Total","Total","Otro","Total","Total","0.0109034267912773","7","0.40985792834224","37.5898271422454","642","1"
"year","2010","country","BRB","BRB-IPUMS","tasa_aban_18_24_PHC","Total","Total","Total","Total","Total","Afro","Total","Total","0.0041827712182983","79","0.0469613294681625","11.2273244261416","18887","1"
"year","2010","country","BRB","BRB-IPUMS","tasa_aban_18_24_PHC","Total","Total","Total","Total","Total","Otro","Total","Total","0.0145929339477727","19","0.33233314105023","22.7735657709157","1302","1"
"year","2010","country","BRB","BRB-IPUMS","tasa_aban_18_24_PHC","Total","Total","men","Total","Total","Total","Total","Total","0.00607811877241929","61","0.0775854691711806","12.7647175180651","10036","1"
"year","2010","country","BRB","BRB-IPUMS","tasa_aban_18_24_PHC","Total","Total","women","Total","Total","Total","Total","Total","0.0036442430808628","37","0.0598017224608813","16.4099158958197","10153","1"
"year","2010","country","BRB","BRB-IPUMS","tasa_aban_18_24_PHC","Total","Total","Total","Total","Total","Total","Total","Total","0.0048541284858091","98","0.0489149487258499","10.0769785696549","20189","1"
"year","2010",NA,"BRB","BRB-IPUMS","tasa_asis_12_14_PHC","Total","Total","men","Total","Total","Afro","Total","Total","0.967483741870935","3868","0.280511534658398","0.289939274964911","3998","1"
"year","2010",NA,"BRB","BRB-IPUMS","tasa_asis_12_14_PHC","Total","Total","men","Total","Total","Otro","Total","Total","0.96039603960396","291","1.1204001924847","1.16660226227788","303","1"
"year","2010",NA,"BRB","BRB-IPUMS","tasa_asis_12_14_PHC","Total","Total","women","Total","Total","Afro","Total","Total","0.973440240541218","3885","0.254522307867877","0.261466803269162","3991","1"
"year","2010",NA,"BRB","BRB-IPUMS","tasa_asis_12_14_PHC","Total","Total","women","Total","Total","Otro","Total","Total","0.989830508474576","292","0.584142801426942","0.59014426856489","295","1"
"year","2010",NA,"BRB","BRB-IPUMS","tasa_asis_12_14_PHC","Total","Total","Total","Total","Total","Afro","Total","Total","0.970459381649768","7753","0.189431527707825","0.195197791159269","7989","1"
"year","2010",NA,"BRB","BRB-IPUMS","tasa_asis_12_14_PHC","Total","Total","Total","Total","Total","Otro","Total","Total","0.974916387959866","583","0.639481714879151","0.655934932243108","598","1"
"year","2010",NA,"BRB","BRB-IPUMS","tasa_asis_12_14_PHC","Total","Total","men","Total","Total","Total","Total","Total","0.966984422227389","4159","0.272448529710542","0.281750691580919","4301","1"
"year","2010",NA,"BRB","BRB-IPUMS","tasa_asis_12_14_PHC","Total","Total","women","Total","Total","Total","Total","Total","0.974568362109193","4177","0.240473506713665","0.246748731092834","4286","1"
"year","2010",NA,"BRB","BRB-IPUMS","tasa_asis_12_14_PHC","Total","Total","Total","Total","Total","Total","Total","Total","0.970769768254338","8336","0.181783105889318","0.187256661500909","8587","1"
"year","2010","country","BRB","BRB-IPUMS","tasa_asis_12_14_PHC","Total","Total","men","Total","Total","Afro","Total","Total","0.967483741870935","3868","0.280511534658398","0.289939274964911","3998","1"
"year","2010","country","BRB","BRB-IPUMS","tasa_asis_12_14_PHC","Total","Total","men","Total","Total","Otro","Total","Total","0.96039603960396","291","1.1204001924847","1.16660226227788","303","1"
"year","2010","country","BRB","BRB-IPUMS","tasa_asis_12_14_PHC","Total","Total","women","Total","Total","Afro","Total","Total","0.973440240541218","3885","0.254522307867877","0.261466803269162","3991","1"
"year","2010","country","BRB","BRB-IPUMS","tasa_asis_12_14_PHC","Total","Total","women","Total","Total","Otro","Total","Total","0.989830508474576","292","0.584142801426942","0.59014426856489","295","1"
"year","2010","country","BRB","BRB-IPUMS","tasa_asis_12_14_PHC","Total","Total","Total","Total","Total","Afro","Total","Total","0.970459381649768","7753","0.189431527707825","0.195197791159269","7989","1"
"year","2010","country","BRB","BRB-IPUMS","tasa_asis_12_14_PHC","Total","Total","Total","Total","Total","Otro","Total","Total","0.974916387959866","583","0.639481714879151","0.655934932243108","598","1"
"year","2010","country","BRB","BRB-IPUMS","tasa_asis_12_14_PHC","Total","Total","men","Total","Total","Total","Total","Total","0.966984422227389","4159","0.272448529710542","0.281750691580919","4301","1"
"year","2010","country","BRB","BRB-IPUMS","tasa_asis_12_14_PHC","Total","Total","women","Total","Total","Total","Total","Total","0.974568362109193","4177","0.240473506713665","0.246748731092834","4286","1"
"year","2010","country","BRB","BRB-IPUMS","tasa_asis_12_14_PHC","Total","Total","Total","Total","Total","Total","Total","Total","0.970769768254338","8336","0.181783105889318","0.187256661500909","8587","1"
"year","2010",NA,"BRB","BRB-IPUMS","tasa_asis_15_17_PHC","Total","Total","men","Total","Total","Afro","Total","Total","0.796816712260632","3204","0.634535862315135","0.796338546307478","4021","1"
"year","2010",NA,"BRB","BRB-IPUMS","tasa_asis_15_17_PHC","Total","Total","men","Total","Total","Otro","Total","Total","0.881918819188192","239","1.96028855046986","2.22275396308507","271","1"
"year","2010",NA,"BRB","BRB-IPUMS","tasa_asis_15_17_PHC","Total","Total","women","Total","Total","Afro","Total","Total","0.843664426188698","3389","0.573010867480206","0.679192875381525","4017","1"
"year","2010",NA,"BRB","BRB-IPUMS","tasa_asis_15_17_PHC","Total","Total","women","Total","Total","Otro","Total","Total","0.876404494382023","234","2.01417873533252","2.298229582623","267","1"
"year","2010",NA,"BRB","BRB-IPUMS","tasa_asis_15_17_PHC","Total","Total","Total","Total","Total","Afro","Total","Total","0.820228912664842","6593","0.428305309952878","0.52217777664208","8038","1"
"year","2010",NA,"BRB","BRB-IPUMS","tasa_asis_15_17_PHC","Total","Total","Total","Total","Total","Otro","Total","Total","0.879182156133829","473","1.40512135811656","1.59821414517275","538","1"
"year","2010",NA,"BRB","BRB-IPUMS","tasa_asis_15_17_PHC","Total","Total","men","Total","Total","Total","Total","Total","0.802190121155638","3443","0.608040890714473","0.757976039194458","4292","1"
"year","2010",NA,"BRB","BRB-IPUMS","tasa_asis_15_17_PHC","Total","Total","women","Total","Total","Total","Total","Total","0.845704948646125","3623","0.551900393254661","0.652592129368747","4284","1"
"year","2010",NA,"BRB","BRB-IPUMS","tasa_asis_15_17_PHC","Total","Total","Total","Total","Total","Total","Total","Total","0.82392723880597","7066","0.411289982347841","0.499182407106579","8576","1"
"year","2010","country","BRB","BRB-IPUMS","tasa_asis_15_17_PHC","Total","Total","men","Total","Total","Afro","Total","Total","0.796816712260632","3204","0.634535862315135","0.796338546307478","4021","1"
"year","2010","country","BRB","BRB-IPUMS","tasa_asis_15_17_PHC","Total","Total","men","Total","Total","Otro","Total","Total","0.881918819188192","239","1.96028855046986","2.22275396308507","271","1"
"year","2010","country","BRB","BRB-IPUMS","tasa_asis_15_17_PHC","Total","Total","women","Total","Total","Afro","Total","Total","0.843664426188698","3389","0.573010867480206","0.679192875381525","4017","1"
"year","2010","country","BRB","BRB-IPUMS","tasa_asis_15_17_PHC","Total","Total","women","Total","Total","Otro","Total","Total","0.876404494382023","234","2.01417873533252","2.298229582623","267","1"
"year","2010","country","BRB","BRB-IPUMS","tasa_asis_15_17_PHC","Total","Total","Total","Total","Total","Afro","Total","Total","0.820228912664842","6593","0.428305309952878","0.52217777664208","8038","1"
"year","2010","country","BRB","BRB-IPUMS","tasa_asis_15_17_PHC","Total","Total","Total","Total","Total","Otro","Total","Total","0.879182156133829","473","1.40512135811656","1.59821414517275","538","1"
"year","2010","country","BRB","BRB-IPUMS","tasa_asis_15_17_PHC","Total","Total","men","Total","Total","Total","Total","Total","0.802190121155638","3443","0.608040890714473","0.757976039194458","4292","1"
"year","2010","country","BRB","BRB-IPUMS","tasa_asis_15_17_PHC","Total","Total","women","Total","Total","Total","Total","Total","0.845704948646125","3623","0.551900393254661","0.652592129368747","4284","1"
"year","2010","country","BRB","BRB-IPUMS","tasa_asis_15_17_PHC","Total","Total","Total","Total","Total","Total","Total","Total","0.82392723880597","7066","0.411289982347841","0.499182407106579","8576","1"
"year","2010",NA,"BRB","BRB-IPUMS","tasa_asis_18_23_PHC","Total","Total","men","Total","Total","Afro","Total","Total","0.282258064516129","2275","0.501348614900057","1.7762065213602","8060","1"
"year","2010",NA,"BRB","BRB-IPUMS","tasa_asis_18_23_PHC","Total","Total","men","Total","Total","Otro","Total","Total","0.431192660550459","235","2.1213875934859","4.9198137806375","545","1"
"year","2010",NA,"BRB","BRB-IPUMS","tasa_asis_18_23_PHC","Total","Total","women","Total","Total","Afro","Total","Total","0.391031941031941","3183","0.540867855403029","1.38318075494209","8140","1"
"year","2010",NA,"BRB","BRB-IPUMS","tasa_asis_18_23_PHC","Total","Total","women","Total","Total","Otro","Total","Total","0.460837887067395","253","2.12739238054793","4.61635737913364","549","1"
"year","2010",NA,"BRB","BRB-IPUMS","tasa_asis_18_23_PHC","Total","Total","Total","Total","Total","Afro","Total","Total","0.336913580246914","5458","0.371352898357604","1.10222003543297","16200","1"
"year","2010",NA,"BRB","BRB-IPUMS","tasa_asis_18_23_PHC","Total","Total","Total","Total","Total","Otro","Total","Total","0.446069469835466","488","1.50286593342819","3.3691297769886","1094","1"
"year","2010",NA,"BRB","BRB-IPUMS","tasa_asis_18_23_PHC","Total","Total","men","Total","Total","Total","Total","Total","0.291690877396862","2510","0.490001493481948","1.67986567785345","8605","1"
"year","2010",NA,"BRB","BRB-IPUMS","tasa_asis_18_23_PHC","Total","Total","women","Total","Total","Total","Total","Total","0.395442513522845","3436","0.524536340666609","1.32645409314673","8689","1"
"year","2010",NA,"BRB","BRB-IPUMS","tasa_asis_18_23_PHC","Total","Total","Total","Total","Total","Total","Total","Total","0.343818665433098","5946","0.361184358171846","1.05050828964411","17294","1"
"year","2010","country","BRB","BRB-IPUMS","tasa_asis_18_23_PHC","Total","Total","men","Total","Total","Afro","Total","Total","0.282258064516129","2275","0.501348614900057","1.7762065213602","8060","1"
"year","2010","country","BRB","BRB-IPUMS","tasa_asis_18_23_PHC","Total","Total","men","Total","Total","Otro","Total","Total","0.431192660550459","235","2.1213875934859","4.9198137806375","545","1"
"year","2010","country","BRB","BRB-IPUMS","tasa_asis_18_23_PHC","Total","Total","women","Total","Total","Afro","Total","Total","0.391031941031941","3183","0.540867855403029","1.38318075494209","8140","1"
"year","2010","country","BRB","BRB-IPUMS","tasa_asis_18_23_PHC","Total","Total","women","Total","Total","Otro","Total","Total","0.460837887067395","253","2.12739238054793","4.61635737913364","549","1"
"year","2010","country","BRB","BRB-IPUMS","tasa_asis_18_23_PHC","Total","Total","Total","Total","Total","Afro","Total","Total","0.336913580246914","5458","0.371352898357604","1.10222003543297","16200","1"
"year","2010","country","BRB","BRB-IPUMS","tasa_asis_18_23_PHC","Total","Total","Total","Total","Total","Otro","Total","Total","0.446069469835466","488","1.50286593342819","3.3691297769886","1094","1"
"year","2010","country","BRB","BRB-IPUMS","tasa_asis_18_23_PHC","Total","Total","men","Total","Total","Total","Total","Total","0.291690877396862","2510","0.490001493481948","1.67986567785345","8605","1"
"year","2010","country","BRB","BRB-IPUMS","tasa_asis_18_23_PHC","Total","Total","women","Total","Total","Total","Total","Total","0.395442513522845","3436","0.524536340666609","1.32645409314673","8689","1"
"year","2010","country","BRB","BRB-IPUMS","tasa_asis_18_23_PHC","Total","Total","Total","Total","Total","Total","Total","Total","0.343818665433098","5946","0.361184358171846","1.05050828964411","17294","1"
"year","2010",NA,"BRB","BRB-IPUMS","tasa_asis_4_5_PHC","Total","Total","men","Total","Total","Afro","Total","Total","0.946457326892109","2351","0.451673642317169","0.477225575293853","2484","1"
"year","2010",NA,"BRB","BRB-IPUMS","tasa_asis_4_5_PHC","Total","Total","men","Total","Total","Otro","Total","Total","0.962790697674419","207","1.29084018332436","1.34072772664125","215","1"
"year","2010",NA,"BRB","BRB-IPUMS","tasa_asis_4_5_PHC","Total","Total","women","Total","Total","Afro","Total","Total","0.961915979583824","2450","0.379249914780061","0.39426511548768","2547","1"
"year","2010",NA,"BRB","BRB-IPUMS","tasa_asis_4_5_PHC","Total","Total","women","Total","Total","Otro","Total","Total","0.938144329896907","182","1.72951256733705","1.84354636298565","194","1"
"year","2010",NA,"BRB","BRB-IPUMS","tasa_asis_4_5_PHC","Total","Total","Total","Total","Total","Afro","Total","Total","0.954283442655536","4801","0.294474908157817","0.30858222514934","5031","1"
"year","2010",NA,"BRB","BRB-IPUMS","tasa_asis_4_5_PHC","Total","Total","Total","Total","Total","Otro","Total","Total","0.951100244498778","389","1.06636243205918","1.12118826404166","409","1"
"year","2010",NA,"BRB","BRB-IPUMS","tasa_asis_4_5_PHC","Total","Total","men","Total","Total","Total","Total","Total","0.947758429047796","2558","0.428307322742123","0.45191613138428","2699","1"
"year","2010",NA,"BRB","BRB-IPUMS","tasa_asis_4_5_PHC","Total","Total","women","Total","Total","Total","Total","Total","0.960233491426487","2632","0.373243830763697","0.388701117068121","2741","1"
"year","2010",NA,"BRB","BRB-IPUMS","tasa_asis_4_5_PHC","Total","Total","Total","Total","Total","Total","Total","Total","0.954044117647059","5190","0.28389342459086","0.297568445043213","5440","1"
"year","2010","country","BRB","BRB-IPUMS","tasa_asis_4_5_PHC","Total","Total","men","Total","Total","Afro","Total","Total","0.946457326892109","2351","0.451673642317169","0.477225575293853","2484","1"
"year","2010","country","BRB","BRB-IPUMS","tasa_asis_4_5_PHC","Total","Total","men","Total","Total","Otro","Total","Total","0.962790697674419","207","1.29084018332436","1.34072772664125","215","1"
"year","2010","country","BRB","BRB-IPUMS","tasa_asis_4_5_PHC","Total","Total","women","Total","Total","Afro","Total","Total","0.961915979583824","2450","0.379249914780061","0.39426511548768","2547","1"
"year","2010","country","BRB","BRB-IPUMS","tasa_asis_4_5_PHC","Total","Total","women","Total","Total","Otro","Total","Total","0.938144329896907","182","1.72951256733705","1.84354636298565","194","1"
"year","2010","country","BRB","BRB-IPUMS","tasa_asis_4_5_PHC","Total","Total","Total","Total","Total","Afro","Total","Total","0.954283442655536","4801","0.294474908157817","0.30858222514934","5031","1"
"year","2010","country","BRB","BRB-IPUMS","tasa_asis_4_5_PHC","Total","Total","Total","Total","Total","Otro","Total","Total","0.951100244498778","389","1.06636243205918","1.12118826404166","409","1"
"year","2010","country","BRB","BRB-IPUMS","tasa_asis_4_5_PHC","Total","Total","men","Total","Total","Total","Total","Total","0.947758429047796","2558","0.428307322742123","0.45191613138428","2699","1"
"year","2010","country","BRB","BRB-IPUMS","tasa_asis_4_5_PHC","Total","Total","women","Total","Total","Total","Total","Total","0.960233491426487","2632","0.373243830763697","0.388701117068121","2741","1"
"year","2010","country","BRB","BRB-IPUMS","tasa_asis_4_5_PHC","Total","Total","Total","Total","Total","Total","Total","Total","0.954044117647059","5190","0.28389342459086","0.297568445043213","5440","1"
"year","2010",NA,"BRB","BRB-IPUMS","tasa_asis_6_11_PHC","Total","Total","men","Total","Total","Afro","Total","Total","0.974155995343423","8368","0.171197562623028","0.175739371765273","8590","1"
"year","2010",NA,"BRB","BRB-IPUMS","tasa_asis_6_11_PHC","Total","Total","men","Total","Total","Otro","Total","Total","0.983249581239531","587","0.525239711276487","0.534187576885968","597","1"
"year","2010",NA,"BRB","BRB-IPUMS","tasa_asis_6_11_PHC","Total","Total","women","Total","Total","Afro","Total","Total","0.980890929395707","7905","0.152506924795568","0.1554779641907","8059","1"
"year","2010",NA,"BRB","BRB-IPUMS","tasa_asis_6_11_PHC","Total","Total","women","Total","Total","Otro","Total","Total","0.986798679867987","598","0.463646140795268","0.469848764752396","606","1"
"year","2010",NA,"BRB","BRB-IPUMS","tasa_asis_6_11_PHC","Total","Total","Total","Total","Total","Afro","Total","Total","0.977416061024686","16273","0.115145111515479","0.117805626597506","16649","1"
"year","2010",NA,"BRB","BRB-IPUMS","tasa_asis_6_11_PHC","Total","Total","Total","Total","Total","Otro","Total","Total","0.985037406483791","1185","0.350023325567332","0.35534013557595","1203","1"
"year","2010",NA,"BRB","BRB-IPUMS","tasa_asis_6_11_PHC","Total","Total","men","Total","Total","Total","Total","Total","0.974746925002721","8955","0.163687762780139","0.167928473105655","9187","1"
"year","2010",NA,"BRB","BRB-IPUMS","tasa_asis_6_11_PHC","Total","Total","women","Total","Total","Total","Total","Total","0.98130409694172","8503","0.145509298248079","0.148281555841421","8665","1"
"year","2010",NA,"BRB","BRB-IPUMS","tasa_asis_6_11_PHC","Total","Total","Total","Total","Total","Total","Total","Total","0.977929643737396","17458","0.109955014014897","0.112436528250312","17852","1"
"year","2010","country","BRB","BRB-IPUMS","tasa_asis_6_11_PHC","Total","Total","men","Total","Total","Afro","Total","Total","0.974155995343423","8368","0.171197562623028","0.175739371765273","8590","1"
"year","2010","country","BRB","BRB-IPUMS","tasa_asis_6_11_PHC","Total","Total","men","Total","Total","Otro","Total","Total","0.983249581239531","587","0.525239711276487","0.534187576885968","597","1"
"year","2010","country","BRB","BRB-IPUMS","tasa_asis_6_11_PHC","Total","Total","women","Total","Total","Afro","Total","Total","0.980890929395707","7905","0.152506924795568","0.1554779641907","8059","1"
"year","2010","country","BRB","BRB-IPUMS","tasa_asis_6_11_PHC","Total","Total","women","Total","Total","Otro","Total","Total","0.986798679867987","598","0.463646140795268","0.469848764752396","606","1"
"year","2010","country","BRB","BRB-IPUMS","tasa_asis_6_11_PHC","Total","Total","Total","Total","Total","Afro","Total","Total","0.977416061024686","16273","0.115145111515479","0.117805626597506","16649","1"
"year","2010","country","BRB","BRB-IPUMS","tasa_asis_6_11_PHC","Total","Total","Total","Total","Total","Otro","Total","Total","0.985037406483791","1185","0.350023325567332","0.35534013557595","1203","1"
"year","2010","country","BRB","BRB-IPUMS","tasa_asis_6_11_PHC","Total","Total","men","Total","Total","Total","Total","Total","0.974746925002721","8955","0.163687762780139","0.167928473105655","9187","1"
"year","2010","country","BRB","BRB-IPUMS","tasa_asis_6_11_PHC","Total","Total","women","Total","Total","Total","Total","Total","0.98130409694172","8503","0.145509298248079","0.148281555841421","8665","1"
"year","2010","country","BRB","BRB-IPUMS","tasa_asis_6_11_PHC","Total","Total","Total","Total","Total","Total","Total","Total","0.977929643737396","17458","0.109955014014897","0.112436528250312","17852","1"
"year","2010",NA,"BRB","BRB-IPUMS","tasa_no_asis_12_14_PHC","Total","Total","men","Total","Total","Afro","Total","Total","0.0325162581290645","130","0.280511534658398","8.62680858126366","3998","1"
"year","2010",NA,"BRB","BRB-IPUMS","tasa_no_asis_12_14_PHC","Total","Total","men","Total","Total","Otro","Total","Total","0.0396039603960396","12","1.1204001924847","28.2901048602387","303","1"
"year","2010",NA,"BRB","BRB-IPUMS","tasa_no_asis_12_14_PHC","Total","Total","women","Total","Total","Afro","Total","Total","0.0265597594587823","106","0.254522307867876","9.58300500661033","3991","1"
"year","2010",NA,"BRB","BRB-IPUMS","tasa_no_asis_12_14_PHC","Total","Total","women","Total","Total","Otro","Total","Total","0.0101694915254237","3","0.584142801426943","57.4407088069828","295","1"
"year","2010",NA,"BRB","BRB-IPUMS","tasa_no_asis_12_14_PHC","Total","Total","Total","Total","Total","Afro","Total","Total","0.0295406183502316","236","0.189431527707824","6.4125782832958","7989","1"
"year","2010",NA,"BRB","BRB-IPUMS","tasa_no_asis_12_14_PHC","Total","Total","Total","Total","Total","Otro","Total","Total","0.0250836120401338","15","0.639481714879151","25.4940043665155","598","1"
"year","2010",NA,"BRB","BRB-IPUMS","tasa_no_asis_12_14_PHC","Total","Total","men","Total","Total","Total","Total","Total","0.033015577772611","142","0.272448529710542","8.25212060764114","4301","1"
"year","2010",NA,"BRB","BRB-IPUMS","tasa_no_asis_12_14_PHC","Total","Total","women","Total","Total","Total","Total","Total","0.0254316378908073","109","0.240473506713665","9.45568302545658","4286","1"
"year","2010",NA,"BRB","BRB-IPUMS","tasa_no_asis_12_14_PHC","Total","Total","Total","Total","Total","Total","Total","Total","0.029230231745662","251","0.181783105889318","6.21901008076325","8587","1"
"year","2010","country","BRB","BRB-IPUMS","tasa_no_asis_12_14_PHC","Total","Total","men","Total","Total","Afro","Total","Total","0.0325162581290645","130","0.280511534658398","8.62680858126366","3998","1"
"year","2010","country","BRB","BRB-IPUMS","tasa_no_asis_12_14_PHC","Total","Total","men","Total","Total","Otro","Total","Total","0.0396039603960396","12","1.1204001924847","28.2901048602387","303","1"
"year","2010","country","BRB","BRB-IPUMS","tasa_no_asis_12_14_PHC","Total","Total","women","Total","Total","Afro","Total","Total","0.0265597594587823","106","0.254522307867876","9.58300500661033","3991","1"
"year","2010","country","BRB","BRB-IPUMS","tasa_no_asis_12_14_PHC","Total","Total","women","Total","Total","Otro","Total","Total","0.0101694915254237","3","0.584142801426943","57.4407088069828","295","1"
"year","2010","country","BRB","BRB-IPUMS","tasa_no_asis_12_14_PHC","Total","Total","Total","Total","Total","Afro","Total","Total","0.0295406183502316","236","0.189431527707824","6.4125782832958","7989","1"
"year","2010","country","BRB","BRB-IPUMS","tasa_no_asis_12_14_PHC","Total","Total","Total","Total","Total","Otro","Total","Total","0.0250836120401338","15","0.639481714879151","25.4940043665155","598","1"
"year","2010","country","BRB","BRB-IPUMS","tasa_no_asis_12_14_PHC","Total","Total","men","Total","Total","Total","Total","Total","0.033015577772611","142","0.272448529710542","8.25212060764114","4301","1"
"year","2010","country","BRB","BRB-IPUMS","tasa_no_asis_12_14_PHC","Total","Total","women","Total","Total","Total","Total","Total","0.0254316378908073","109","0.240473506713665","9.45568302545658","4286","1"
"year","2010","country","BRB","BRB-IPUMS","tasa_no_asis_12_14_PHC","Total","Total","Total","Total","Total","Total","Total","Total","0.029230231745662","251","0.181783105889318","6.21901008076325","8587","1"
"year","2010",NA,"BRB","BRB-IPUMS","tasa_no_asis_15_17_PHC","Total","Total","men","Total","Total","Afro","Total","Total","0.203183287739368","817","0.634535862315135","3.12297270791819","4021","1"
"year","2010",NA,"BRB","BRB-IPUMS","tasa_no_asis_15_17_PHC","Total","Total","men","Total","Total","Otro","Total","Total","0.118081180811808","32","1.96028855046986","16.6011936617916","271","1"
"year","2010",NA,"BRB","BRB-IPUMS","tasa_no_asis_15_17_PHC","Total","Total","women","Total","Total","Afro","Total","Total","0.156335573811302","628","0.573010867480206","3.66526218896176","4017","1"
"year","2010",NA,"BRB","BRB-IPUMS","tasa_no_asis_15_17_PHC","Total","Total","women","Total","Total","Otro","Total","Total","0.123595505617978","33","2.01417873533252","16.2965370404176","267","1"
"year","2010",NA,"BRB","BRB-IPUMS","tasa_no_asis_15_17_PHC","Total","Total","Total","Total","Total","Afro","Total","Total","0.179771087335158","1445","0.428305309952878","2.3825038625614","8038","1"
"year","2010",NA,"BRB","BRB-IPUMS","tasa_no_asis_15_17_PHC","Total","Total","Total","Total","Total","Otro","Total","Total","0.120817843866171","65","1.40512135811656","11.6300813948724","538","1"
"year","2010",NA,"BRB","BRB-IPUMS","tasa_no_asis_15_17_PHC","Total","Total","men","Total","Total","Total","Total","Total","0.197809878844362","849","0.608040890714473","3.07386513892405","4292","1"
"year","2010",NA,"BRB","BRB-IPUMS","tasa_no_asis_15_17_PHC","Total","Total","women","Total","Total","Total","Total","Total","0.154295051353875","661","0.551900393254661","3.57691571059451","4284","1"
"year","2010",NA,"BRB","BRB-IPUMS","tasa_no_asis_15_17_PHC","Total","Total","Total","Total","Total","Total","Total","Total","0.17607276119403","1510","0.411289982347841","2.33590919775834","8576","1"
"year","2010","country","BRB","BRB-IPUMS","tasa_no_asis_15_17_PHC","Total","Total","men","Total","Total","Afro","Total","Total","0.203183287739368","817","0.634535862315135","3.12297270791819","4021","1"
"year","2010","country","BRB","BRB-IPUMS","tasa_no_asis_15_17_PHC","Total","Total","men","Total","Total","Otro","Total","Total","0.118081180811808","32","1.96028855046986","16.6011936617916","271","1"
"year","2010","country","BRB","BRB-IPUMS","tasa_no_asis_15_17_PHC","Total","Total","women","Total","Total","Afro","Total","Total","0.156335573811302","628","0.573010867480206","3.66526218896176","4017","1"
"year","2010","country","BRB","BRB-IPUMS","tasa_no_asis_15_17_PHC","Total","Total","women","Total","Total","Otro","Total","Total","0.123595505617978","33","2.01417873533252","16.2965370404176","267","1"
"year","2010","country","BRB","BRB-IPUMS","tasa_no_asis_15_17_PHC","Total","Total","Total","Total","Total","Afro","Total","Total","0.179771087335158","1445","0.428305309952878","2.3825038625614","8038","1"
"year","2010","country","BRB","BRB-IPUMS","tasa_no_asis_15_17_PHC","Total","Total","Total","Total","Total","Otro","Total","Total","0.120817843866171","65","1.40512135811656","11.6300813948724","538","1"
"year","2010","country","BRB","BRB-IPUMS","tasa_no_asis_15_17_PHC","Total","Total","men","Total","Total","Total","Total","Total","0.197809878844362","849","0.608040890714473","3.07386513892405","4292","1"
"year","2010","country","BRB","BRB-IPUMS","tasa_no_asis_15_17_PHC","Total","Total","women","Total","Total","Total","Total","Total","0.154295051353875","661","0.551900393254661","3.57691571059451","4284","1"
"year","2010","country","BRB","BRB-IPUMS","tasa_no_asis_15_17_PHC","Total","Total","Total","Total","Total","Total","Total","Total","0.17607276119403","1510","0.411289982347841","2.33590919775834","8576","1"
"year","2010",NA,"BRB","BRB-IPUMS","tasa_no_asis_18_23_PHC","Total","Total","men","Total","Total","Afro","Total","Total","0.717741935483871","5785","0.501348614900057","0.698508182557383","8060","1"
"year","2010",NA,"BRB","BRB-IPUMS","tasa_no_asis_18_23_PHC","Total","Total","men","Total","Total","Otro","Total","Total","0.568807339449541","310","2.1213875934859","3.72953625306391","545","1"
"year","2010",NA,"BRB","BRB-IPUMS","tasa_no_asis_18_23_PHC","Total","Total","women","Total","Total","Afro","Total","Total","0.608968058968059","4957","0.540867855403029","0.888171140403603","8140","1"
"year","2010",NA,"BRB","BRB-IPUMS","tasa_no_asis_18_23_PHC","Total","Total","women","Total","Total","Otro","Total","Total","0.539162112932605","296","2.12739238054793","3.94573789500274","549","1"
"year","2010",NA,"BRB","BRB-IPUMS","tasa_no_asis_18_23_PHC","Total","Total","Total","Total","Total","Afro","Total","Total","0.663086419753086","10742","0.371352898357604","0.560036953397242","16200","1"
"year","2010",NA,"BRB","BRB-IPUMS","tasa_no_asis_18_23_PHC","Total","Total","Total","Total","Total","Otro","Total","Total","0.553930530164534","606","1.50286593342819","2.71309460589181","1094","1"
"year","2010",NA,"BRB","BRB-IPUMS","tasa_no_asis_18_23_PHC","Total","Total","men","Total","Total","Total","Total","Total","0.708309122603138","6095","0.490001493481948","0.691790459624636","8605","1"
"year","2010",NA,"BRB","BRB-IPUMS","tasa_no_asis_18_23_PHC","Total","Total","women","Total","Total","Total","Total","Total","0.604557486477155","5253","0.524536340666609","0.867636829250364","8689","1"
"year","2010",NA,"BRB","BRB-IPUMS","tasa_no_asis_18_23_PHC","Total","Total","Total","Total","Total","Total","Total","Total","0.656181334566902","11348","0.361184358171846","0.55043375839125","17294","1"
"year","2010","country","BRB","BRB-IPUMS","tasa_no_asis_18_23_PHC","Total","Total","men","Total","Total","Afro","Total","Total","0.717741935483871","5785","0.501348614900057","0.698508182557383","8060","1"
"year","2010","country","BRB","BRB-IPUMS","tasa_no_asis_18_23_PHC","Total","Total","men","Total","Total","Otro","Total","Total","0.568807339449541","310","2.1213875934859","3.72953625306391","545","1"
"year","2010","country","BRB","BRB-IPUMS","tasa_no_asis_18_23_PHC","Total","Total","women","Total","Total","Afro","Total","Total","0.608968058968059","4957","0.540867855403029","0.888171140403603","8140","1"
"year","2010","country","BRB","BRB-IPUMS","tasa_no_asis_18_23_PHC","Total","Total","women","Total","Total","Otro","Total","Total","0.539162112932605","296","2.12739238054793","3.94573789500274","549","1"
"year","2010","country","BRB","BRB-IPUMS","tasa_no_asis_18_23_PHC","Total","Total","Total","Total","Total","Afro","Total","Total","0.663086419753086","10742","0.371352898357604","0.560036953397242","16200","1"
"year","2010","country","BRB","BRB-IPUMS","tasa_no_asis_18_23_PHC","Total","Total","Total","Total","Total","Otro","Total","Total","0.553930530164534","606","1.50286593342819","2.71309460589181","1094","1"
"year","2010","country","BRB","BRB-IPUMS","tasa_no_asis_18_23_PHC","Total","Total","men","Total","Total","Total","Total","Total","0.708309122603138","6095","0.490001493481948","0.691790459624636","8605","1"
"year","2010","country","BRB","BRB-IPUMS","tasa_no_asis_18_23_PHC","Total","Total","women","Total","Total","Total","Total","Total","0.604557486477155","5253","0.524536340666609","0.867636829250364","8689","1"
"year","2010","country","BRB","BRB-IPUMS","tasa_no_asis_18_23_PHC","Total","Total","Total","Total","Total","Total","Total","Total","0.656181334566902","11348","0.361184358171846","0.55043375839125","17294","1"
"year","2010",NA,"BRB","BRB-IPUMS","tasa_no_asis_4_5_PHC","Total","Total","men","Total","Total","Afro","Total","Total","0.0535426731078905","133","0.451673642317169","8.43576937981841","2484","1"
"year","2010",NA,"BRB","BRB-IPUMS","tasa_no_asis_4_5_PHC","Total","Total","men","Total","Total","Otro","Total","Total","0.0372093023255814","8","1.29084018332436","34.6913299268423","215","1"
"year","2010",NA,"BRB","BRB-IPUMS","tasa_no_asis_4_5_PHC","Total","Total","women","Total","Total","Afro","Total","Total","0.0380840204161759","97","0.379249914780061","9.95824260767852","2547","1"
"year","2010",NA,"BRB","BRB-IPUMS","tasa_no_asis_4_5_PHC","Total","Total","women","Total","Total","Otro","Total","Total","0.0618556701030928","12","1.72951256733705","27.9604531719491","194","1"
"year","2010",NA,"BRB","BRB-IPUMS","tasa_no_asis_4_5_PHC","Total","Total","Total","Total","Total","Afro","Total","Total","0.0457165573444643","230","0.294474908157817","6.44131853453035","5031","1"
"year","2010",NA,"BRB","BRB-IPUMS","tasa_no_asis_4_5_PHC","Total","Total","Total","Total","Total","Otro","Total","Total","0.0488997555012225","20","1.06636243205918","21.8071117356102","409","1"
"year","2010",NA,"BRB","BRB-IPUMS","tasa_no_asis_4_5_PHC","Total","Total","men","Total","Total","Total","Total","Total","0.0522415709522045","141","0.428307322742123","8.1985919438368","2699","1"
"year","2010",NA,"BRB","BRB-IPUMS","tasa_no_asis_4_5_PHC","Total","Total","women","Total","Total","Total","Total","Total","0.0397665085735133","109","0.373243830763697","9.38588385434215","2741","1"
"year","2010",NA,"BRB","BRB-IPUMS","tasa_no_asis_4_5_PHC","Total","Total","Total","Total","Total","Total","Total","Total","0.0459558823529412","250","0.28389342459086","6.17752091909711","5440","1"
"year","2010","country","BRB","BRB-IPUMS","tasa_no_asis_4_5_PHC","Total","Total","men","Total","Total","Afro","Total","Total","0.0535426731078905","133","0.451673642317169","8.43576937981841","2484","1"
"year","2010","country","BRB","BRB-IPUMS","tasa_no_asis_4_5_PHC","Total","Total","men","Total","Total","Otro","Total","Total","0.0372093023255814","8","1.29084018332436","34.6913299268423","215","1"
"year","2010","country","BRB","BRB-IPUMS","tasa_no_asis_4_5_PHC","Total","Total","women","Total","Total","Afro","Total","Total","0.0380840204161759","97","0.379249914780061","9.95824260767852","2547","1"
"year","2010","country","BRB","BRB-IPUMS","tasa_no_asis_4_5_PHC","Total","Total","women","Total","Total","Otro","Total","Total","0.0618556701030928","12","1.72951256733705","27.9604531719491","194","1"
"year","2010","country","BRB","BRB-IPUMS","tasa_no_asis_4_5_PHC","Total","Total","Total","Total","Total","Afro","Total","Total","0.0457165573444643","230","0.294474908157817","6.44131853453035","5031","1"
"year","2010","country","BRB","BRB-IPUMS","tasa_no_asis_4_5_PHC","Total","Total","Total","Total","Total","Otro","Total","Total","0.0488997555012225","20","1.06636243205918","21.8071117356102","409","1"
"year","2010","country","BRB","BRB-IPUMS","tasa_no_asis_4_5_PHC","Total","Total","men","Total","Total","Total","Total","Total","0.0522415709522045","141","0.428307322742123","8.1985919438368","2699","1"
"year","2010","country","BRB","BRB-IPUMS","tasa_no_asis_4_5_PHC","Total","Total","women","Total","Total","Total","Total","Total","0.0397665085735133","109","0.373243830763697","9.38588385434215","2741","1"
"year","2010","country","BRB","BRB-IPUMS","tasa_no_asis_4_5_PHC","Total","Total","Total","Total","Total","Total","Total","Total","0.0459558823529412","250","0.28389342459086","6.17752091909711","5440","1"
"year","2010",NA,"BRB","BRB-IPUMS","tasa_no_asis_6_11_PHC","Total","Total","men","Total","Total","Afro","Total","Total","0.0258440046565774","222","0.171197562623028","6.62426604924237","8590","1"
"year","2010",NA,"BRB","BRB-IPUMS","tasa_no_asis_6_11_PHC","Total","Total","men","Total","Total","Otro","Total","Total","0.016750418760469","10","0.525239711276487","31.3568107632063","597","1"
"year","2010",NA,"BRB","BRB-IPUMS","tasa_no_asis_6_11_PHC","Total","Total","women","Total","Total","Afro","Total","Total","0.0191090706042933","154","0.152506924795568","7.98086562939926","8059","1"
"year","2010",NA,"BRB","BRB-IPUMS","tasa_no_asis_6_11_PHC","Total","Total","women","Total","Total","Otro","Total","Total","0.0132013201320132","8","0.463646140795267","35.1211951652415","606","1"
"year","2010",NA,"BRB","BRB-IPUMS","tasa_no_asis_6_11_PHC","Total","Total","Total","Total","Total","Afro","Total","Total","0.0225839389753138","376","0.115145111515479","5.09853979154578","16649","1"
"year","2010",NA,"BRB","BRB-IPUMS","tasa_no_asis_6_11_PHC","Total","Total","Total","Total","Total","Otro","Total","Total","0.0149625935162095","18","0.350023325567333","23.3932255920834","1203","1"
"year","2010",NA,"BRB","BRB-IPUMS","tasa_no_asis_6_11_PHC","Total","Total","men","Total","Total","Total","Total","Total","0.0252530749972788","232","0.163687762780139","6.48189429595318","9187","1"
"year","2010",NA,"BRB","BRB-IPUMS","tasa_no_asis_6_11_PHC","Total","Total","women","Total","Total","Total","Total","Total","0.0186959030582804","162","0.145509298248079","7.78295104518274","8665","1"
"year","2010",NA,"BRB","BRB-IPUMS","tasa_no_asis_6_11_PHC","Total","Total","Total","Total","Total","Total","Total","Total","0.0220703562626036","394","0.109955014014897","4.98202261470544","17852","1"
"year","2010","country","BRB","BRB-IPUMS","tasa_no_asis_6_11_PHC","Total","Total","men","Total","Total","Afro","Total","Total","0.0258440046565774","222","0.171197562623028","6.62426604924237","8590","1"
"year","2010","country","BRB","BRB-IPUMS","tasa_no_asis_6_11_PHC","Total","Total","men","Total","Total","Otro","Total","Total","0.016750418760469","10","0.525239711276487","31.3568107632063","597","1"
"year","2010","country","BRB","BRB-IPUMS","tasa_no_asis_6_11_PHC","Total","Total","women","Total","Total","Afro","Total","Total","0.0191090706042933","154","0.152506924795568","7.98086562939926","8059","1"
"year","2010","country","BRB","BRB-IPUMS","tasa_no_asis_6_11_PHC","Total","Total","women","Total","Total","Otro","Total","Total","0.0132013201320132","8","0.463646140795267","35.1211951652415","606","1"
"year","2010","country","BRB","BRB-IPUMS","tasa_no_asis_6_11_PHC","Total","Total","Total","Total","Total","Afro","Total","Total","0.0225839389753138","376","0.115145111515479","5.09853979154578","16649","1"
"year","2010","country","BRB","BRB-IPUMS","tasa_no_asis_6_11_PHC","Total","Total","Total","Total","Total","Otro","Total","Total","0.0149625935162095","18","0.350023325567333","23.3932255920834","1203","1"
"year","2010","country","BRB","BRB-IPUMS","tasa_no_asis_6_11_PHC","Total","Total","men","Total","Total","Total","Total","Total","0.0252530749972788","232","0.163687762780139","6.48189429595318","9187","1"
"year","2010","country","BRB","BRB-IPUMS","tasa_no_asis_6_11_PHC","Total","Total","women","Total","Total","Total","Total","Total","0.0186959030582804","162","0.145509298248079","7.78295104518274","8665","1"
"year","2010","country","BRB","BRB-IPUMS","tasa_no_asis_6_11_PHC","Total","Total","Total","Total","Total","Total","Total","Total","0.0220703562626036","394","0.109955014014897","4.98202261470544","17852","1"
"year","2010",NA,"BRB","BRB-IPUMS","tasa_terminacion_c_primar_PHC","Total","Total","men","Total","Total","Afro","Total","Total","0.99013949013949","4117","0.153234174959971","0.154760189332903","4158","1"
"year","2010",NA,"BRB","BRB-IPUMS","tasa_terminacion_c_primar_PHC","Total","Total","men","Total","Total","Otro","Total","Total","0.98993288590604","295","0.578292073037102","0.584173009373073","298","1"
"year","2010",NA,"BRB","BRB-IPUMS","tasa_terminacion_c_primar_PHC","Total","Total","women","Total","Total","Afro","Total","Total","0.990902385050406","4030","0.148881976777428","0.15024888326397","4067","1"
"year","2010",NA,"BRB","BRB-IPUMS","tasa_terminacion_c_primar_PHC","Total","Total","women","Total","Total","Otro","Total","Total","0.971246006389776","304","0.944586077708569","0.972550797114415","313","1"
"year","2010",NA,"BRB","BRB-IPUMS","tasa_terminacion_c_primar_PHC","Total","Total","Total","Total","Total","Afro","Total","Total","0.990516717325228","8147","0.106866675591385","0.10788982530246","8225","1"
"year","2010",NA,"BRB","BRB-IPUMS","tasa_terminacion_c_primar_PHC","Total","Total","Total","Total","Total","Otro","Total","Total","0.980360065466448","599","0.561360976329683","0.572606939127607","611","1"
"year","2010",NA,"BRB","BRB-IPUMS","tasa_terminacion_c_primar_PHC","Total","Total","men","Total","Total","Total","Total","Total","0.990125673249551","4412","0.148124302009387","0.149601516263334","4456","1"
"year","2010",NA,"BRB","BRB-IPUMS","tasa_terminacion_c_primar_PHC","Total","Total","women","Total","Total","Total","Total","Total","0.989497716894977","4334","0.154032443023098","0.155667305131788","4380","1"
"year","2010",NA,"BRB","BRB-IPUMS","tasa_terminacion_c_primar_PHC","Total","Total","Total","Total","Total","Total","Total","Total","0.989814395654142","8746","0.106817505183959","0.107916702012973","8836","1"
"year","2010","country","BRB","BRB-IPUMS","tasa_terminacion_c_primar_PHC","Total","Total","men","Total","Total","Afro","Total","Total","0.99013949013949","4117","0.153234174959971","0.154760189332903","4158","1"
"year","2010","country","BRB","BRB-IPUMS","tasa_terminacion_c_primar_PHC","Total","Total","men","Total","Total","Otro","Total","Total","0.98993288590604","295","0.578292073037102","0.584173009373073","298","1"
"year","2010","country","BRB","BRB-IPUMS","tasa_terminacion_c_primar_PHC","Total","Total","women","Total","Total","Afro","Total","Total","0.990902385050406","4030","0.148881976777428","0.15024888326397","4067","1"
"year","2010","country","BRB","BRB-IPUMS","tasa_terminacion_c_primar_PHC","Total","Total","women","Total","Total","Otro","Total","Total","0.971246006389776","304","0.944586077708569","0.972550797114415","313","1"
"year","2010","country","BRB","BRB-IPUMS","tasa_terminacion_c_primar_PHC","Total","Total","Total","Total","Total","Afro","Total","Total","0.990516717325228","8147","0.106866675591385","0.10788982530246","8225","1"
"year","2010","country","BRB","BRB-IPUMS","tasa_terminacion_c_primar_PHC","Total","Total","Total","Total","Total","Otro","Total","Total","0.980360065466448","599","0.561360976329683","0.572606939127607","611","1"
"year","2010","country","BRB","BRB-IPUMS","tasa_terminacion_c_primar_PHC","Total","Total","men","Total","Total","Total","Total","Total","0.990125673249551","4412","0.148124302009387","0.149601516263334","4456","1"
"year","2010","country","BRB","BRB-IPUMS","tasa_terminacion_c_primar_PHC","Total","Total","women","Total","Total","Total","Total","Total","0.989497716894977","4334","0.154032443023098","0.155667305131788","4380","1"
"year","2010","country","BRB","BRB-IPUMS","tasa_terminacion_c_primar_PHC","Total","Total","Total","Total","Total","Total","Total","Total","0.989814395654142","8746","0.106817505183959","0.107916702012973","8836","1"
"year","2010",NA,"BRB","BRB-IPUMS","tasa_terminacion_c_secund_PHC","Total","Total","men","Total","Total","Afro","Total","Total","0.609521729635291","2791","0.720954256405349","1.18281961307062","4579","1"
"year","2010",NA,"BRB","BRB-IPUMS","tasa_terminacion_c_secund_PHC","Total","Total","men","Total","Total","Otro","Total","Total","0.465798045602606","143","2.84696664859662","6.1120193085256","307","1"
"year","2010",NA,"BRB","BRB-IPUMS","tasa_terminacion_c_secund_PHC","Total","Total","women","Total","Total","Afro","Total","Total","0.492914083259522","2226","0.743959718270482","1.50930911397551","4516","1"
"year","2010",NA,"BRB","BRB-IPUMS","tasa_terminacion_c_secund_PHC","Total","Total","women","Total","Total","Otro","Total","Total","0.43046357615894","130","2.84921672610174","6.61894962525173","302","1"
"year","2010",NA,"BRB","BRB-IPUMS","tasa_terminacion_c_secund_PHC","Total","Total","Total","Total","Total","Afro","Total","Total","0.551621770203408","5017","0.52148474212948","0.945366499834088","9095","1"
"year","2010",NA,"BRB","BRB-IPUMS","tasa_terminacion_c_secund_PHC","Total","Total","Total","Total","Total","Otro","Total","Total","0.448275862068966","273","2.01523187253648","4.49551725411984","609","1"
"year","2010",NA,"BRB","BRB-IPUMS","tasa_terminacion_c_secund_PHC","Total","Total","men","Total","Total","Total","Total","Total","0.600491199345068","2934","0.700712342732636","1.16689860483697","4886","1"
"year","2010",NA,"BRB","BRB-IPUMS","tasa_terminacion_c_secund_PHC","Total","Total","women","Total","Total","Total","Total","Total","0.488999584889996","2356","0.720164109548102","1.47272949057842","4818","1"
"year","2010",NA,"BRB","BRB-IPUMS","tasa_terminacion_c_secund_PHC","Total","Total","Total","Total","Total","Total","Total","Total","0.545136026380874","5290","0.5054961109044","0.92728435920913","9704","1"
"year","2010","country","BRB","BRB-IPUMS","tasa_terminacion_c_secund_PHC","Total","Total","men","Total","Total","Afro","Total","Total","0.609521729635291","2791","0.720954256405349","1.18281961307062","4579","1"
"year","2010","country","BRB","BRB-IPUMS","tasa_terminacion_c_secund_PHC","Total","Total","men","Total","Total","Otro","Total","Total","0.465798045602606","143","2.84696664859662","6.1120193085256","307","1"
"year","2010","country","BRB","BRB-IPUMS","tasa_terminacion_c_secund_PHC","Total","Total","women","Total","Total","Afro","Total","Total","0.492914083259522","2226","0.743959718270482","1.50930911397551","4516","1"
"year","2010","country","BRB","BRB-IPUMS","tasa_terminacion_c_secund_PHC","Total","Total","women","Total","Total","Otro","Total","Total","0.43046357615894","130","2.84921672610174","6.61894962525173","302","1"
"year","2010","country","BRB","BRB-IPUMS","tasa_terminacion_c_secund_PHC","Total","Total","Total","Total","Total","Afro","Total","Total","0.551621770203408","5017","0.52148474212948","0.945366499834088","9095","1"
"year","2010","country","BRB","BRB-IPUMS","tasa_terminacion_c_secund_PHC","Total","Total","Total","Total","Total","Otro","Total","Total","0.448275862068966","273","2.01523187253648","4.49551725411984","609","1"
"year","2010","country","BRB","BRB-IPUMS","tasa_terminacion_c_secund_PHC","Total","Total","men","Total","Total","Total","Total","Total","0.600491199345068","2934","0.700712342732636","1.16689860483697","4886","1"
"year","2010","country","BRB","BRB-IPUMS","tasa_terminacion_c_secund_PHC","Total","Total","women","Total","Total","Total","Total","Total","0.488999584889996","2356","0.720164109548102","1.47272949057842","4818","1"
"year","2010","country","BRB","BRB-IPUMS","tasa_terminacion_c_secund_PHC","Total","Total","Total","Total","Total","Total","Total","Total","0.545136026380874","5290","0.5054961109044","0.92728435920913","9704","1"
"year","2010",NA,"BRB","BRB-IPUMS","ginihh_PHC","Total","Total","men","Total","Total","Afro","Total","Total","0.440294287223878","NA","NA","NA","23776","NA"
"year","2010",NA,"BRB","BRB-IPUMS","ginihh_PHC","Total","Total","men","Total","Total","Otro","Total","Total","0.476633363822998","NA","NA","NA","2458","NA"
"year","2010",NA,"BRB","BRB-IPUMS","ginihh_PHC","Total","Total","women","Total","Total","Afro","Total","Total","0.540891420864227","NA","NA","NA","22237","NA"
"year","2010",NA,"BRB","BRB-IPUMS","ginihh_PHC","Total","Total","women","Total","Total","Otro","Total","Total","0.507018077706562","NA","NA","NA","1227","NA"
"year","2010",NA,"BRB","BRB-IPUMS","ginihh_PHC","Total","Total","Total","Total","Total","Afro","Total","Total","0.491262619845656","NA","NA","NA","46013","NA"
"year","2010",NA,"BRB","BRB-IPUMS","ginihh_PHC","Total","Total","Total","Total","Total","Otro","Total","Total","0.487824847856018","NA","NA","NA","3685","NA"
"year","2010",NA,"BRB","BRB-IPUMS","ginihh_PHC","Total","Total","men","Total","Total","Total","Total","Total","0.450610131532812","NA","NA","NA","26234","NA"
"year","2010",NA,"BRB","BRB-IPUMS","ginihh_PHC","Total","Total","women","Total","Total","Total","Total","Total","0.540474557447396","NA","NA","NA","23464","NA"
"year","2010",NA,"BRB","BRB-IPUMS","ginihh_PHC","Total","Total","Total","Total","Total","Total","Total","Total","0.4947416435989","NA","NA","NA","49698","NA"
"year","2010","country","BRB","BRB-IPUMS","ginihh_PHC","Total","Total","men","Total","Total","Afro","Total","Total","0.440294287223878","NA","NA","NA","23776","NA"
"year","2010","country","BRB","BRB-IPUMS","ginihh_PHC","Total","Total","men","Total","Total","Otro","Total","Total","0.476633363822998","NA","NA","NA","2458","NA"
"year","2010","country","BRB","BRB-IPUMS","ginihh_PHC","Total","Total","women","Total","Total","Afro","Total","Total","0.540891420864227","NA","NA","NA","22237","NA"
"year","2010","country","BRB","BRB-IPUMS","ginihh_PHC","Total","Total","women","Total","Total","Otro","Total","Total","0.507018077706562","NA","NA","NA","1227","NA"
"year","2010","country","BRB","BRB-IPUMS","ginihh_PHC","Total","Total","Total","Total","Total","Afro","Total","Total","0.491262619845656","NA","NA","NA","46013","NA"
"year","2010","country","BRB","BRB-IPUMS","ginihh_PHC","Total","Total","Total","Total","Total","Otro","Total","Total","0.487824847856018","NA","NA","NA","3685","NA"
"year","2010","country","BRB","BRB-IPUMS","ginihh_PHC","Total","Total","men","Total","Total","Total","Total","Total","0.450610131532812","NA","NA","NA","26234","NA"
"year","2010","country","BRB","BRB-IPUMS","ginihh_PHC","Total","Total","women","Total","Total","Total","Total","Total","0.540474557447396","NA","NA","NA","23464","NA"
"year","2010","country","BRB","BRB-IPUMS","ginihh_PHC","Total","Total","Total","Total","Total","Total","Total","Total","0.4947416435989","NA","NA","NA","49698","NA"
"year","2010",NA,"BRB","BRB-IPUMS","prangoedad_00_15_PHC","Total","Total","men","Total","Total","Afro","Total","Total","0.108895360792697","22771","0.0681212610309352","0.625566236569225","99929","1"
"year","2010",NA,"BRB","BRB-IPUMS","prangoedad_00_15_PHC","Total","Total","men","Total","Total","Otro","Total","Total","0.102903301334582","1758","0.23245532636903","2.25896859823009","8294","1"
"year","2010",NA,"BRB","BRB-IPUMS","prangoedad_00_15_PHC","Total","Total","women","Total","Total","Afro","Total","Total","0.103764065630843","21698","0.0666880937862401","0.642689676631343","109180","1"
"year","2010",NA,"BRB","BRB-IPUMS","prangoedad_00_15_PHC","Total","Total","women","Total","Total","Otro","Total","Total","0.099215640365254","1695","0.228720824000356","2.30529000426081","8790","1"
"year","2010",NA,"BRB","BRB-IPUMS","prangoedad_00_15_PHC","Total","Total","Total","Total","Total","Afro","Total","Total","0.21265942642354","44469","0.0894823276580522","0.420777621584646","209109","1"
"year","2010",NA,"BRB","BRB-IPUMS","prangoedad_00_15_PHC","Total","Total","Total","Total","Total","Otro","Total","Total","0.202118941699836","3453","0.307240033605338","1.52009520246557","17084","1"
"year","2010",NA,"BRB","BRB-IPUMS","prangoedad_00_15_PHC","Total","Total","men","Total","Total","Total","Total","Total","0.108442790006764","24529","0.0653785627711373","0.602885288796602","108223","1"
"year","2010",NA,"BRB","BRB-IPUMS","prangoedad_00_15_PHC","Total","Total","women","Total","Total","Total","Total","Total","0.103420530255136","23393","0.0640262689689492","0.619086643735029","117970","1"
"year","2010",NA,"BRB","BRB-IPUMS","prangoedad_00_15_PHC","Total","Total","Total","Total","Total","Total","Total","Total","0.2118633202619","47922","0.0859189729014505","0.405539631849626","226193","1"
"year","2010","country","BRB","BRB-IPUMS","prangoedad_00_15_PHC","Total","Total","men","Total","Total","Afro","Total","Total","0.108895360792697","22771","0.0681212610309352","0.625566236569225","99929","1"
"year","2010","country","BRB","BRB-IPUMS","prangoedad_00_15_PHC","Total","Total","men","Total","Total","Otro","Total","Total","0.102903301334582","1758","0.23245532636903","2.25896859823009","8294","1"
"year","2010","country","BRB","BRB-IPUMS","prangoedad_00_15_PHC","Total","Total","women","Total","Total","Afro","Total","Total","0.103764065630843","21698","0.0666880937862401","0.642689676631343","109180","1"
"year","2010","country","BRB","BRB-IPUMS","prangoedad_00_15_PHC","Total","Total","women","Total","Total","Otro","Total","Total","0.099215640365254","1695","0.228720824000356","2.30529000426081","8790","1"
"year","2010","country","BRB","BRB-IPUMS","prangoedad_00_15_PHC","Total","Total","Total","Total","Total","Afro","Total","Total","0.21265942642354","44469","0.0894823276580522","0.420777621584646","209109","1"
"year","2010","country","BRB","BRB-IPUMS","prangoedad_00_15_PHC","Total","Total","Total","Total","Total","Otro","Total","Total","0.202118941699836","3453","0.307240033605338","1.52009520246557","17084","1"
"year","2010","country","BRB","BRB-IPUMS","prangoedad_00_15_PHC","Total","Total","men","Total","Total","Total","Total","Total","0.108442790006764","24529","0.0653785627711373","0.602885288796602","108223","1"
"year","2010","country","BRB","BRB-IPUMS","prangoedad_00_15_PHC","Total","Total","women","Total","Total","Total","Total","Total","0.103420530255136","23393","0.0640262689689492","0.619086643735029","117970","1"
"year","2010","country","BRB","BRB-IPUMS","prangoedad_00_15_PHC","Total","Total","Total","Total","Total","Total","Total","Total","0.2118633202619","47922","0.0859189729014505","0.405539631849626","226193","1"
"year","2010",NA,"BRB","BRB-IPUMS","prangoedad_16_30_PHC","Total","Total","men","Total","Total","Afro","Total","Total","0.10054086624679","21024","0.0657620990509308","0.654083274849748","99929","1"
"year","2010",NA,"BRB","BRB-IPUMS","prangoedad_16_30_PHC","Total","Total","men","Total","Total","Otro","Total","Total","0.0936548817607118","1600","0.222903674893227","2.38005398867243","8294","1"
"year","2010",NA,"BRB","BRB-IPUMS","prangoedad_16_30_PHC","Total","Total","women","Total","Total","Afro","Total","Total","0.104022304157162","21752","0.0667614055505018","0.641798949671749","109180","1"
"year","2010",NA,"BRB","BRB-IPUMS","prangoedad_16_30_PHC","Total","Total","women","Total","Total","Otro","Total","Total","0.0897916178880824","1534","0.218722535814976","2.43589035323537","8790","1"
"year","2010",NA,"BRB","BRB-IPUMS","prangoedad_16_30_PHC","Total","Total","Total","Total","Total","Afro","Total","Total","0.204563170403952","42776","0.0882125157758634","0.431223839568333","209109","1"
"year","2010",NA,"BRB","BRB-IPUMS","prangoedad_16_30_PHC","Total","Total","Total","Total","Total","Otro","Total","Total","0.183446499648794","3134","0.296109441892239","1.61414604508201","17084","1"
"year","2010",NA,"BRB","BRB-IPUMS","prangoedad_16_30_PHC","Total","Total","men","Total","Total","Total","Total","Total","0.100020778715522","22624","0.0630843709274505","0.630712655286104","108223","1"
"year","2010",NA,"BRB","BRB-IPUMS","prangoedad_16_30_PHC","Total","Total","women","Total","Total","Total","Total","Total","0.10294748290177","23286","0.0638965221576882","0.620671048544789","117970","1"
"year","2010",NA,"BRB","BRB-IPUMS","prangoedad_16_30_PHC","Total","Total","Total","Total","Total","Total","Total","Total","0.202968261617291","45910","0.0845692138698116","0.416662256433332","226193","1"
"year","2010","country","BRB","BRB-IPUMS","prangoedad_16_30_PHC","Total","Total","men","Total","Total","Afro","Total","Total","0.10054086624679","21024","0.0657620990509308","0.654083274849748","99929","1"
"year","2010","country","BRB","BRB-IPUMS","prangoedad_16_30_PHC","Total","Total","men","Total","Total","Otro","Total","Total","0.0936548817607118","1600","0.222903674893227","2.38005398867243","8294","1"
"year","2010","country","BRB","BRB-IPUMS","prangoedad_16_30_PHC","Total","Total","women","Total","Total","Afro","Total","Total","0.104022304157162","21752","0.0667614055505018","0.641798949671749","109180","1"
"year","2010","country","BRB","BRB-IPUMS","prangoedad_16_30_PHC","Total","Total","women","Total","Total","Otro","Total","Total","0.0897916178880824","1534","0.218722535814976","2.43589035323537","8790","1"
"year","2010","country","BRB","BRB-IPUMS","prangoedad_16_30_PHC","Total","Total","Total","Total","Total","Afro","Total","Total","0.204563170403952","42776","0.0882125157758634","0.431223839568333","209109","1"
"year","2010","country","BRB","BRB-IPUMS","prangoedad_16_30_PHC","Total","Total","Total","Total","Total","Otro","Total","Total","0.183446499648794","3134","0.296109441892239","1.61414604508201","17084","1"
"year","2010","country","BRB","BRB-IPUMS","prangoedad_16_30_PHC","Total","Total","men","Total","Total","Total","Total","Total","0.100020778715522","22624","0.0630843709274505","0.630712655286104","108223","1"
"year","2010","country","BRB","BRB-IPUMS","prangoedad_16_30_PHC","Total","Total","women","Total","Total","Total","Total","Total","0.10294748290177","23286","0.0638965221576882","0.620671048544789","117970","1"
"year","2010","country","BRB","BRB-IPUMS","prangoedad_16_30_PHC","Total","Total","Total","Total","Total","Total","Total","Total","0.202968261617291","45910","0.0845692138698116","0.416662256433332","226193","1"
"year","2010",NA,"BRB","BRB-IPUMS","prangoedad_31_45_PHC","Total","Total","men","Total","Total","Afro","Total","Total","0.103123251509978","21564","0.0665056157795178","0.644913875442366","99929","1"
"year","2010",NA,"BRB","BRB-IPUMS","prangoedad_31_45_PHC","Total","Total","men","Total","Total","Otro","Total","Total","0.108112854132522","1847","0.237573960318271","2.19746266273814","8294","1"
"year","2010",NA,"BRB","BRB-IPUMS","prangoedad_31_45_PHC","Total","Total","women","Total","Total","Afro","Total","Total","0.11306065257832","23642","0.0692494522157506","0.612498253251984","109180","1"
"year","2010",NA,"BRB","BRB-IPUMS","prangoedad_31_45_PHC","Total","Total","women","Total","Total","Otro","Total","Total","0.108639662842426","1856","0.238081733421015","2.19148078327835","8790","1"
"year","2010",NA,"BRB","BRB-IPUMS","prangoedad_31_45_PHC","Total","Total","Total","Total","Total","Afro","Total","Total","0.216183904088298","45206","0.090018631017783","0.416398396529168","209109","1"
"year","2010",NA,"BRB","BRB-IPUMS","prangoedad_31_45_PHC","Total","Total","Total","Total","Total","Otro","Total","Total","0.216752516974947","3703","0.315236717943756","1.45436243298707","17084","1"
"year","2010",NA,"BRB","BRB-IPUMS","prangoedad_31_45_PHC","Total","Total","men","Total","Total","Total","Total","Total","0.103500108314581","23411","0.0640480545306255","0.618821135297329","108223","1"
"year","2010",NA,"BRB","BRB-IPUMS","prangoedad_31_45_PHC","Total","Total","women","Total","Total","Total","Total","Total","0.112726742206876","25498","0.0664970828627378","0.589896253195202","117970","1"
"year","2010",NA,"BRB","BRB-IPUMS","prangoedad_31_45_PHC","Total","Total","Total","Total","Total","Total","Total","Total","0.216226850521457","48909","0.0865586394803313","0.400314018687247","226193","1"
"year","2010","country","BRB","BRB-IPUMS","prangoedad_31_45_PHC","Total","Total","men","Total","Total","Afro","Total","Total","0.103123251509978","21564","0.0665056157795178","0.644913875442366","99929","1"
"year","2010","country","BRB","BRB-IPUMS","prangoedad_31_45_PHC","Total","Total","men","Total","Total","Otro","Total","Total","0.108112854132522","1847","0.237573960318271","2.19746266273814","8294","1"
"year","2010","country","BRB","BRB-IPUMS","prangoedad_31_45_PHC","Total","Total","women","Total","Total","Afro","Total","Total","0.11306065257832","23642","0.0692494522157506","0.612498253251984","109180","1"
"year","2010","country","BRB","BRB-IPUMS","prangoedad_31_45_PHC","Total","Total","women","Total","Total","Otro","Total","Total","0.108639662842426","1856","0.238081733421015","2.19148078327835","8790","1"
"year","2010","country","BRB","BRB-IPUMS","prangoedad_31_45_PHC","Total","Total","Total","Total","Total","Afro","Total","Total","0.216183904088298","45206","0.090018631017783","0.416398396529168","209109","1"
"year","2010","country","BRB","BRB-IPUMS","prangoedad_31_45_PHC","Total","Total","Total","Total","Total","Otro","Total","Total","0.216752516974947","3703","0.315236717943756","1.45436243298707","17084","1"
"year","2010","country","BRB","BRB-IPUMS","prangoedad_31_45_PHC","Total","Total","men","Total","Total","Total","Total","Total","0.103500108314581","23411","0.0640480545306255","0.618821135297329","108223","1"
"year","2010","country","BRB","BRB-IPUMS","prangoedad_31_45_PHC","Total","Total","women","Total","Total","Total","Total","Total","0.112726742206876","25498","0.0664970828627378","0.589896253195202","117970","1"
"year","2010","country","BRB","BRB-IPUMS","prangoedad_31_45_PHC","Total","Total","Total","Total","Total","Total","Total","Total","0.216226850521457","48909","0.0865586394803313","0.400314018687247","226193","1"
"year","2010",NA,"BRB","BRB-IPUMS","prangoedad_46_60_PHC","Total","Total","men","Total","Total","Afro","Total","Total","0.0963373169017115","20145","0.0645229306445821","0.669760511499524","99929","1"
"year","2010",NA,"BRB","BRB-IPUMS","prangoedad_46_60_PHC","Total","Total","men","Total","Total","Otro","Total","Total","0.0945914305783189","1616","0.223899650565722","2.3670183355599","8294","1"
"year","2010",NA,"BRB","BRB-IPUMS","prangoedad_46_60_PHC","Total","Total","women","Total","Total","Afro","Total","Total","0.108828410063651","22757","0.0681028749716169","0.62578213659269","109180","1"
"year","2010",NA,"BRB","BRB-IPUMS","prangoedad_46_60_PHC","Total","Total","women","Total","Total","Otro","Total","Total","0.108346991336923","1851","0.237799855447752","2.19479888193916","8790","1"
"year","2010",NA,"BRB","BRB-IPUMS","prangoedad_46_60_PHC","Total","Total","Total","Total","Total","Afro","Total","Total","0.205165726965363","42902","0.0883088718915429","0.430427017210588","209109","1"
"year","2010",NA,"BRB","BRB-IPUMS","prangoedad_46_60_PHC","Total","Total","Total","Total","Total","Otro","Total","Total","0.202938421915242","3467","0.30770410877784","1.51624372493816","17084","1"
"year","2010",NA,"BRB","BRB-IPUMS","prangoedad_46_60_PHC","Total","Total","men","Total","Total","Total","Total","Total","0.0962054528654733","21761","0.0620004900535948","0.64445920898363","108223","1"
"year","2010",NA,"BRB","BRB-IPUMS","prangoedad_46_60_PHC","Total","Total","women","Total","Total","Total","Total","Total","0.108792049267661","24608","0.0654709321891009","0.601798868849533","117970","1"
"year","2010",NA,"BRB","BRB-IPUMS","prangoedad_46_60_PHC","Total","Total","Total","Total","Total","Total","Total","Total","0.204997502133134","46369","0.0848826541632515","0.414066772911823","226193","1"
"year","2010","country","BRB","BRB-IPUMS","prangoedad_46_60_PHC","Total","Total","men","Total","Total","Afro","Total","Total","0.0963373169017115","20145","0.0645229306445821","0.669760511499524","99929","1"
"year","2010","country","BRB","BRB-IPUMS","prangoedad_46_60_PHC","Total","Total","men","Total","Total","Otro","Total","Total","0.0945914305783189","1616","0.223899650565722","2.3670183355599","8294","1"
"year","2010","country","BRB","BRB-IPUMS","prangoedad_46_60_PHC","Total","Total","women","Total","Total","Afro","Total","Total","0.108828410063651","22757","0.0681028749716169","0.62578213659269","109180","1"
"year","2010","country","BRB","BRB-IPUMS","prangoedad_46_60_PHC","Total","Total","women","Total","Total","Otro","Total","Total","0.108346991336923","1851","0.237799855447752","2.19479888193916","8790","1"
"year","2010","country","BRB","BRB-IPUMS","prangoedad_46_60_PHC","Total","Total","Total","Total","Total","Afro","Total","Total","0.205165726965363","42902","0.0883088718915429","0.430427017210588","209109","1"
"year","2010","country","BRB","BRB-IPUMS","prangoedad_46_60_PHC","Total","Total","Total","Total","Total","Otro","Total","Total","0.202938421915242","3467","0.30770410877784","1.51624372493816","17084","1"
"year","2010","country","BRB","BRB-IPUMS","prangoedad_46_60_PHC","Total","Total","men","Total","Total","Total","Total","Total","0.0962054528654733","21761","0.0620004900535948","0.64445920898363","108223","1"
"year","2010","country","BRB","BRB-IPUMS","prangoedad_46_60_PHC","Total","Total","women","Total","Total","Total","Total","Total","0.108792049267661","24608","0.0654709321891009","0.601798868849533","117970","1"
"year","2010","country","BRB","BRB-IPUMS","prangoedad_46_60_PHC","Total","Total","Total","Total","Total","Total","Total","Total","0.204997502133134","46369","0.0848826541632515","0.414066772911823","226193","1"
"year","2010",NA,"BRB","BRB-IPUMS","prangoedad_61_75_PHC","Total","Total","men","Total","Total","Afro","Total","Total","0.0487018731857548","10184","0.0470700642342438","0.966493918102758","99929","1"
"year","2010",NA,"BRB","BRB-IPUMS","prangoedad_61_75_PHC","Total","Total","men","Total","Total","Otro","Total","Total","0.06052446733786","1034","0.182437219087903","3.01427219622605","8294","1"
"year","2010",NA,"BRB","BRB-IPUMS","prangoedad_61_75_PHC","Total","Total","women","Total","Total","Afro","Total","Total","0.0596052776303268","12464","0.0517739245628428","0.86861309302082","109180","1"
"year","2010",NA,"BRB","BRB-IPUMS","prangoedad_61_75_PHC","Total","Total","women","Total","Total","Otro","Total","Total","0.0714118473425427","1220","0.197016192539415","2.75887265028144","8790","1"
"year","2010",NA,"BRB","BRB-IPUMS","prangoedad_61_75_PHC","Total","Total","Total","Total","Total","Afro","Total","Total","0.108307150816082","22648","0.0679594483624083","0.62746963474103","209109","1"
"year","2010",NA,"BRB","BRB-IPUMS","prangoedad_61_75_PHC","Total","Total","Total","Total","Total","Otro","Total","Total","0.131936314680403","2254","0.258918562536267","1.96245107469813","17084","1"
"year","2010",NA,"BRB","BRB-IPUMS","prangoedad_61_75_PHC","Total","Total","men","Total","Total","Total","Total","Total","0.0495948150473268","11218","0.045649177368077","0.920442536674759","108223","1"
"year","2010",NA,"BRB","BRB-IPUMS","prangoedad_61_75_PHC","Total","Total","women","Total","Total","Total","Total","Total","0.0604970091912659","13684","0.0501275473123561","0.828595462527313","117970","1"
"year","2010",NA,"BRB","BRB-IPUMS","prangoedad_61_75_PHC","Total","Total","Total","Total","Total","Total","Total","Total","0.110091824238593","24902","0.0658128278636922","0.597799412616341","226193","1"
"year","2010","country","BRB","BRB-IPUMS","prangoedad_61_75_PHC","Total","Total","men","Total","Total","Afro","Total","Total","0.0487018731857548","10184","0.0470700642342438","0.966493918102758","99929","1"
"year","2010","country","BRB","BRB-IPUMS","prangoedad_61_75_PHC","Total","Total","men","Total","Total","Otro","Total","Total","0.06052446733786","1034","0.182437219087903","3.01427219622605","8294","1"
"year","2010","country","BRB","BRB-IPUMS","prangoedad_61_75_PHC","Total","Total","women","Total","Total","Afro","Total","Total","0.0596052776303268","12464","0.0517739245628428","0.86861309302082","109180","1"
"year","2010","country","BRB","BRB-IPUMS","prangoedad_61_75_PHC","Total","Total","women","Total","Total","Otro","Total","Total","0.0714118473425427","1220","0.197016192539415","2.75887265028144","8790","1"
"year","2010","country","BRB","BRB-IPUMS","prangoedad_61_75_PHC","Total","Total","Total","Total","Total","Afro","Total","Total","0.108307150816082","22648","0.0679594483624083","0.62746963474103","209109","1"
"year","2010","country","BRB","BRB-IPUMS","prangoedad_61_75_PHC","Total","Total","Total","Total","Total","Otro","Total","Total","0.131936314680403","2254","0.258918562536267","1.96245107469813","17084","1"
"year","2010","country","BRB","BRB-IPUMS","prangoedad_61_75_PHC","Total","Total","men","Total","Total","Total","Total","Total","0.0495948150473268","11218","0.045649177368077","0.920442536674759","108223","1"
"year","2010","country","BRB","BRB-IPUMS","prangoedad_61_75_PHC","Total","Total","women","Total","Total","Total","Total","Total","0.0604970091912659","13684","0.0501275473123561","0.828595462527313","117970","1"
"year","2010","country","BRB","BRB-IPUMS","prangoedad_61_75_PHC","Total","Total","Total","Total","Total","Total","Total","Total","0.110091824238593","24902","0.0658128278636922","0.597799412616341","226193","1"
"year","2010",NA,"BRB","BRB-IPUMS","pafro_ci_PHC","Total","Total","men","Total","Total","Afro","Total","Total","1","99929","0","0","99929","1"
"year","2010",NA,"BRB","BRB-IPUMS","pafro_ci_PHC","Total","Total","women","Total","Total","Afro","Total","Total","1","109180","0","0","109180","1"
"year","2010",NA,"BRB","BRB-IPUMS","pafro_ci_PHC","Total","Total","Total","Total","Total","Afro","Total","Total","1","209109","0","0","209109","1"
"year","2010",NA,"BRB","BRB-IPUMS","pafro_ci_PHC","Total","Total","men","Total","Total","Total","Total","Total","0.923361947090729","99929","0.0808627362985463","0.0875742568267227","108223","1"
"year","2010",NA,"BRB","BRB-IPUMS","pafro_ci_PHC","Total","Total","women","Total","Total","Total","Total","Total","0.925489531236755","109180","0.0764554789740141","0.0826108523041257","117970","1"
"year","2010",NA,"BRB","BRB-IPUMS","pafro_ci_PHC","Total","Total","Total","Total","Total","Total","Total","Total","0.92447157958027","209109","0.0555600212202351","0.060099220405954","226193","1"
"year","2010","country","BRB","BRB-IPUMS","pafro_ci_PHC","Total","Total","men","Total","Total","Afro","Total","Total","1","99929","0","0","99929","1"
"year","2010","country","BRB","BRB-IPUMS","pafro_ci_PHC","Total","Total","women","Total","Total","Afro","Total","Total","1","109180","0","0","109180","1"
"year","2010","country","BRB","BRB-IPUMS","pafro_ci_PHC","Total","Total","Total","Total","Total","Afro","Total","Total","1","209109","0","0","209109","1"
"year","2010","country","BRB","BRB-IPUMS","pafro_ci_PHC","Total","Total","men","Total","Total","Total","Total","Total","0.923361947090729","99929","0.0808627362985463","0.0875742568267227","108223","1"
"year","2010","country","BRB","BRB-IPUMS","pafro_ci_PHC","Total","Total","women","Total","Total","Total","Total","Total","0.925489531236755","109180","0.0764554789740141","0.0826108523041257","117970","1"
"year","2010","country","BRB","BRB-IPUMS","pafro_ci_PHC","Total","Total","Total","Total","Total","Total","Total","Total","0.92447157958027","209109","0.0555600212202351","0.060099220405954","226193","1"
"year","2010",NA,"BRB","BRB-IPUMS","pnoafronoindi_ci_PHC","Total","Total","men","Total","Total","Otro","Total","Total","1","8294","0","0","8294","1"
"year","2010",NA,"BRB","BRB-IPUMS","pnoafronoindi_ci_PHC","Total","Total","women","Total","Total","Otro","Total","Total","1","8790","0","0","8790","1"
"year","2010",NA,"BRB","BRB-IPUMS","pnoafronoindi_ci_PHC","Total","Total","Total","Total","Total","Otro","Total","Total","1","17084","0","0","17084","1"
"year","2010",NA,"BRB","BRB-IPUMS","pnoafronoindi_ci_PHC","Total","Total","men","Total","Total","Total","Total","Total","0.0766380529092707","8294","0.0808627362985462","1.0551251399129","108223","1"
"year","2010",NA,"BRB","BRB-IPUMS","pnoafronoindi_ci_PHC","Total","Total","women","Total","Total","Total","Total","Total","0.0745104687632449","8790","0.0764554789740141","1.02610385148629","117970","1"
"year","2010",NA,"BRB","BRB-IPUMS","pnoafronoindi_ci_PHC","Total","Total","Total","Total","Total","Total","Total","Total","0.0755284204197301","17084","0.0555600212202351","0.735617412776203","226193","1"
"year","2010","country","BRB","BRB-IPUMS","pnoafronoindi_ci_PHC","Total","Total","men","Total","Total","Otro","Total","Total","1","8294","0","0","8294","1"
"year","2010","country","BRB","BRB-IPUMS","pnoafronoindi_ci_PHC","Total","Total","women","Total","Total","Otro","Total","Total","1","8790","0","0","8790","1"
"year","2010","country","BRB","BRB-IPUMS","pnoafronoindi_ci_PHC","Total","Total","Total","Total","Total","Otro","Total","Total","1","17084","0","0","17084","1"
"year","2010","country","BRB","BRB-IPUMS","pnoafronoindi_ci_PHC","Total","Total","men","Total","Total","Total","Total","Total","0.0766380529092707","8294","0.0808627362985462","1.0551251399129","108223","1"
"year","2010","country","BRB","BRB-IPUMS","pnoafronoindi_ci_PHC","Total","Total","women","Total","Total","Total","Total","Total","0.0745104687632449","8790","0.0764554789740141","1.02610385148629","117970","1"
"year","2010","country","BRB","BRB-IPUMS","pnoafronoindi_ci_PHC","Total","Total","Total","Total","Total","Total","Total","Total","0.0755284204197301","17084","0.0555600212202351","0.735617412776203","226193","1"
